timestamp,station_id,temperature,temperature_corrected,pressure,pressure_corrected,humidity,humidity_corrected,anomaly_score,confidence,severity,root_cause_label,is_flagged,is_anomaly,anomaly_type
2026-08-30 00:00:00,AWS_BLR,20.8,20.8,912.2,912.2,85.0,85.0,0.0011274380408909988,0.0005637190204454994,Normal,none,False,False,none
2026-08-30 00:00:00,AWS_SHIMLA,18.0,18.0,805.8,805.7,97.0,97.0,0.22871154781055122,0.28102244057194226,Low,Sensor fault: reading outside physically possible range,True,False,none
2026-08-30 00:00:00,AWS_DELHI,29.4,29.4,976.4,976.4,77.0,77.0,0.022315655230858343,0.011157827615429172,Normal,none,False,False,none
2026-08-30 00:00:00,AWS_JAISALMER,27.0,27.0,975.3,975.3,73.0,73.0,0.007334147804560324,0.003667073902280162,Normal,none,False,False,none
2026-08-30 00:00:00,AWS_KOCHI,26.0,26.0,1012.2,1012.2,95.0,95.0,0.0069674568635158295,0.0034837284317579147,Normal,none,False,False,none
2026-08-30 00:00:00,AWS_GURGAON,29.0,29.0,975.6,975.6,77.0,77.0,0.009652163361745406,0.004826081680872703,Normal,none,False,False,none
2026-08-30 00:00:00,AWS_NOIDA,28.8,28.8,978.0,978.0,82.0,82.0,0.010897239869231377,0.005448619934615689,Normal,none,False,False,none
2026-08-30 01:00:00,AWS_BLR,20.4,20.4,911.6,911.6,88.0,88.0,0.005251746102342746,0.002625873051171373,Normal,none,False,False,none
2026-08-30 01:00:00,AWS_SHIMLA,17.9,18.0,805.5,805.8,97.0,97.0,0.22980987695028016,0.28157160514180674,Low,Sensor fault: reading outside physically possible range,True,False,none
2026-08-30 01:00:00,AWS_JAISALMER,26.1,26.1,974.8,974.8,76.0,76.0,0.014437384623031067,0.0072186923115155335,Normal,none,False,False,none
2026-08-30 01:00:00,AWS_KOCHI,25.7,25.7,1011.4,1011.4,96.0,96.0,0.013946466273476087,0.006973233136738043,Normal,none,False,False,none
2026-08-30 01:00:00,AWS_DELHI,29.1,29.1,976.2,976.2,77.0,77.0,0.025379500346943366,0.012689750173471683,Normal,none,False,False,none
2026-08-30 01:00:00,AWS_NOIDA,28.8,28.8,977.7,977.7,79.0,79.0,0.018898193603736492,0.009449096801868246,Normal,none,False,False,none
2026-08-30 01:00:00,AWS_GURGAON,28.9,28.9,975.4,975.4,75.0,75.0,0.007226255369336892,0.003613127684668446,Normal,none,False,False,none
2026-08-30 02:00:00,AWS_DELHI,28.8,28.8,975.8,975.8,76.0,76.0,0.026711548348541565,0.013355774174270783,Normal,none,False,False,none
2026-08-30 02:00:00,AWS_NOIDA,29.0,29.0,977.3,977.3,76.0,76.0,0.03001402806760329,0.015007014033801645,Normal,Localized fault: disagrees with neighboring stations,False,False,none
2026-08-30 02:00:00,AWS_GURGAON,28.4,28.4,975.0,975.0,74.0,74.0,0.011963477645650152,0.005981738822825076,Normal,none,False,False,none
2026-08-30 02:00:00,AWS_KOCHI,25.4,25.4,1011.2,1011.2,95.0,95.0,0.008010626382814454,0.004005313191407227,Normal,none,False,False,none
2026-08-30 02:00:00,AWS_JAISALMER,25.2,25.2,974.4,974.4,79.0,79.0,0.014567940889574874,0.007283970444787437,Normal,none,False,False,none
2026-08-30 02:00:00,AWS_BLR,19.9,19.9,911.1,911.1,91.0,91.0,0.007148351302188393,0.0035741756510941965,Normal,none,False,False,none
2026-08-30 02:00:00,AWS_SHIMLA,17.8,18.1,805.2,805.9,96.0,96.5,0.23230874930201725,0.28282104131767527,Low,Sensor fault: reading outside physically possible range,True,False,none
2026-08-30 03:00:00,AWS_GURGAON,27.9,27.9,975.2,975.2,74.0,74.0,0.010504931029374597,0.005252465514687298,Normal,none,False,False,none
2026-08-30 03:00:00,AWS_DELHI,28.4,28.4,976.0,976.0,74.0,74.0,0.027609039046309788,0.013804519523154894,Normal,none,False,False,none
2026-08-30 03:00:00,AWS_KOCHI,25.2,25.2,1010.8,1010.8,93.0,93.0,0.00593348376357047,0.002966741881785235,Normal,none,False,False,none
2026-08-30 03:00:00,AWS_JAISALMER,24.4,24.4,974.3,974.3,83.0,83.0,0.014966684752206432,0.007483342376103216,Normal,none,False,False,none
2026-08-30 03:00:00,AWS_SHIMLA,17.7,18.2,805.1,806.0,97.0,96.0,0.23237044820090427,0.2828518907671188,Low,Sensor fault: reading outside physically possible range,True,False,none
2026-08-30 03:00:00,AWS_NOIDA,28.6,28.6,977.6,977.6,75.0,75.0,0.022384235279072295,0.011192117639536148,Normal,none,False,False,none
2026-08-30 03:00:00,AWS_BLR,19.7,19.7,910.9,910.9,93.0,93.0,0.005973742965753465,0.0029868714828767324,Normal,none,False,False,none
2026-08-30 04:00:00,AWS_GURGAON,27.5,27.5,975.3,975.3,75.0,75.0,0.01456993065506851,0.007284965327534255,Normal,none,False,False,none
2026-08-30 04:00:00,AWS_SHIMLA,17.6,18.45,805.2,806.35,96.0,96.0,0.2317261605689983,0.28252974695116584,Low,Sensor fault: reading outside physically possible range,True,False,none
2026-08-30 04:00:00,AWS_NOIDA,28.1,28.1,977.8,977.8,76.0,76.0,0.021098160490152194,0.010549080245076097,Normal,none,False,False,none
2026-08-30 04:00:00,AWS_KOCHI,25.2,25.2,1010.8,1010.8,93.0,93.0,0.0034442146282069866,0.0017221073141034933,Normal,none,False,False,none
2026-08-30 04:00:00,AWS_JAISALMER,23.8,23.8,974.2,974.2,86.0,86.0,0.015971395951143125,0.007985697975571563,Normal,Unclassified multivariate anomaly (novel pattern flagged by ML),False,False,none
2026-08-30 04:00:00,AWS_BLR,19.5,19.5,910.7,910.7,93.0,93.0,0.006158257246488876,0.003079128623244438,Normal,none,False,False,none
2026-08-30 04:00:00,AWS_DELHI,27.9,27.9,976.2,976.2,75.0,75.0,0.022840238123277786,0.011420119061638893,Normal,none,False,False,none
2026-08-30 05:00:00,AWS_NOIDA,28.6,28.6,977.8,977.8,73.0,73.0,0.01786620497339681,0.008933102486698406,Normal,none,False,False,none
2026-08-30 05:00:00,AWS_KOCHI,25.5,25.5,1010.8,1010.8,94.0,94.0,0.005949011301569358,0.002974505650784679,Normal,none,False,False,none
2026-08-30 05:00:00,AWS_GURGAON,27.9,27.9,975.5,975.5,73.0,73.0,0.023004681839197887,0.011502340919598944,Normal,none,False,False,none
2026-08-30 05:00:00,AWS_SHIMLA,18.0,18.7,805.2,806.7,98.0,96.0,0.23402682483446885,0.2836800790839011,Low,Sensor fault: reading outside physically possible range,True,False,none
2026-08-30 05:00:00,AWS_BLR,19.5,19.5,911.2,911.2,93.0,93.0,0.006661448288852758,0.003330724144426379,Normal,none,False,False,none
2026-08-30 05:00:00,AWS_JAISALMER,24.1,24.1,974.8,974.8,86.0,86.0,0.015452166111817748,0.007726083055908874,Normal,Unclassified multivariate anomaly (novel pattern flagged by ML),False,False,none
2026-08-30 05:00:00,AWS_DELHI,28.4,28.4,976.3,976.3,72.0,72.0,0.027222779973248255,0.013611389986624128,Normal,none,False,False,none
2026-08-30 06:00:00,AWS_DELHI,28.1,28.1,977.0,977.0,73.0,73.0,0.02400138660380371,0.012000693301901856,Normal,none,False,False,none
2026-08-30 06:00:00,AWS_BLR,19.5,19.5,911.7,911.7,93.0,93.0,0.006779078661543912,0.003389539330771956,Normal,none,False,False,none
2026-08-30 06:00:00,AWS_JAISALMER,23.8,23.8,975.3,975.3,87.0,87.0,0.015762241841899737,0.007881120920949869,Normal,none,False,False,none
2026-08-30 06:00:00,AWS_KOCHI,25.1,25.1,1011.4,1011.4,98.0,98.0,0.025063172956948085,0.012531586478474042,Normal,Unclassified multivariate anomaly (novel pattern flagged by ML),False,False,none
2026-08-30 06:00:00,AWS_NOIDA,28.3,28.3,978.5,978.5,74.0,74.0,0.018127755484362646,0.009063877742181323,Normal,none,False,False,none
2026-08-30 06:00:00,AWS_SHIMLA,17.8,18.9,805.6,806.5,100.0,96.0,0.2369517151675082,0.28514252425042075,Low,Sensor fault: reading outside physically possible range,True,False,none
2026-08-30 06:00:00,AWS_GURGAON,27.6,27.6,976.1,976.1,75.0,75.0,0.028151545931989097,0.014075772965994549,Normal,Localized fault: disagrees with neighboring stations,False,False,none
2026-08-30 07:00:00,AWS_SHIMLA,18.2,19.0,806.0,806.7,99.0,96.0,0.23178678737016292,0.28256006035174813,Low,Sensor fault: reading outside physically possible range,True,False,none
2026-08-30 07:00:00,AWS_JAISALMER,24.4,24.4,976.1,976.1,85.0,85.0,0.016197670935354038,0.008098835467677019,Normal,none,False,False,none
2026-08-30 07:00:00,AWS_NOIDA,28.9,28.9,979.1,979.1,73.0,73.0,0.012068828271913766,0.006034414135956883,Normal,none,False,False,none
2026-08-30 07:00:00,AWS_BLR,20.8,20.8,912.4,912.4,86.0,86.0,0.013458534046395914,0.006729267023197957,Normal,none,False,False,none
2026-08-30 07:00:00,AWS_KOCHI,26.0,26.0,1012.1,1012.1,88.0,88.0,0.018968247368919035,0.009484123684459517,Normal,none,False,False,none
2026-08-30 07:00:00,AWS_DELHI,28.9,28.9,977.6,977.6,71.0,71.0,0.02941925499872583,0.014709627499362915,Normal,none,False,False,none
2026-08-30 07:00:00,AWS_GURGAON,28.2,28.2,976.9,976.9,75.0,75.0,0.03826536342787537,0.019132681713937685,Normal,Localized fault: disagrees with neighboring stations,False,False,none
2026-08-30 08:00:00,AWS_GURGAON,28.8,28.8,977.3,977.3,73.0,73.0,0.04344572235765625,0.021722861178828125,Normal,Localized fault: disagrees with neighboring stations,False,False,none
2026-08-30 08:00:00,AWS_BLR,22.8,22.8,912.7,912.7,75.0,75.0,0.013743581057698517,0.006871790528849259,Normal,none,False,False,none
2026-08-30 08:00:00,AWS_KOCHI,27.1,27.1,1012.3,1012.3,82.0,82.0,0.00832742656308224,0.00416371328154112,Normal,none,False,False,none
2026-08-30 08:00:00,AWS_JAISALMER,25.6,25.6,976.7,976.7,78.0,78.0,0.01709526519703799,0.008547632598518994,Normal,none,False,False,none
2026-08-30 08:00:00,AWS_SHIMLA,18.7,18.85,806.7,806.8,97.0,96.5,0.23465375617422077,0.283993544753777,Low,Sensor fault: reading outside physically possible range,True,False,none
2026-08-30 08:00:00,AWS_NOIDA,29.8,29.8,979.7,979.7,70.0,70.0,0.018593179884878505,0.009296589942439253,Normal,none,False,False,none
2026-08-30 08:00:00,AWS_DELHI,29.8,29.8,978.1,978.1,68.0,68.0,0.031828280606255886,0.015914140303127943,Normal,none,False,False,none
2026-08-30 09:00:00,AWS_GURGAON,29.6,29.6,977.7,977.7,71.0,71.0,0.07700113566115328,0.2051672344972433,Normal,Localized fault: disagrees with neighboring stations,False,False,none
2026-08-30 09:00:00,AWS_BLR,24.0,24.0,913.4,913.4,68.0,68.0,0.024514466402366143,0.012257233201183071,Normal,none,False,False,none
2026-08-30 09:00:00,AWS_SHIMLA,20.1,18.7,807.7,806.9,87.0,97.0,0.38288964886845867,0.5247781577675626,Low,Sensor fault: reading outside physically possible range,True,False,none
2026-08-30 09:00:00,AWS_JAISALMER,26.9,26.9,977.3,977.3,71.0,71.0,0.030575231498156344,0.015287615749078172,Normal,none,False,False,none
2026-08-30 09:00:00,AWS_NOIDA,30.5,30.5,980.1,980.1,68.0,68.0,0.032452037240768054,0.016226018620384027,Normal,none,False,False,none
2026-08-30 09:00:00,AWS_KOCHI,28.0,28.0,1012.7,1012.7,78.0,78.0,0.026412144518786956,0.013206072259393478,Normal,none,False,False,none
2026-08-30 09:00:00,AWS_DELHI,30.8,30.8,978.4,978.4,65.0,65.0,0.05400135594433429,0.027000677972167146,Normal,Unclassified multivariate anomaly (novel pattern flagged by ML),False,False,none
2026-08-30 10:00:00,AWS_BLR,25.1,25.1,913.6,913.6,63.0,63.0,0.01767433045032244,0.00883716522516122,Normal,none,False,False,none
2026-08-30 10:00:00,AWS_DELHI,32.3,32.3,978.7,978.7,61.0,61.0,0.07351789702616293,0.036758948513081466,Normal,Data spike: implausible instantaneous jump,False,False,none
2026-08-30 10:00:00,AWS_NOIDA,31.7,31.7,980.2,980.2,65.0,65.0,0.06889521926749409,0.2011142763004137,Normal,Data spike: implausible instantaneous jump,False,False,none
2026-08-30 10:00:00,AWS_SHIMLA,21.9,18.7,808.8,806.9,76.0,97.0,0.39300871946143007,0.5298376930640484,Low,Sensor fault: reading outside physically possible range,True,False,none
2026-08-30 10:00:00,AWS_JAISALMER,28.6,28.6,977.6,977.6,63.0,63.0,0.0339915196104774,0.0169957598052387,Normal,Data spike: implausible instantaneous jump,False,False,none
2026-08-30 10:00:00,AWS_GURGAON,31.0,31.0,977.9,977.9,67.0,67.0,0.1283289949150267,0.39749783079084666,Normal,Data spike: implausible instantaneous jump,False,False,none
2026-08-30 10:00:00,AWS_KOCHI,28.3,28.3,1012.7,1012.7,77.0,77.0,0.006170044014789134,0.003085022007394567,Normal,none,False,False,none
2026-08-30 11:00:00,AWS_SHIMLA,23.8,18.7,809.6,806.9,64.0,97.0,0.40836889130143206,0.704184445650716,Medium,Sensor fault: reading outside physically possible range,True,False,none
2026-08-30 11:00:00,AWS_JAISALMER,29.9,29.9,977.7,977.7,59.0,59.0,0.014607315656238094,0.007303657828119047,Normal,none,False,False,none
2026-08-30 11:00:00,AWS_DELHI,33.2,33.2,978.9,978.9,56.0,56.0,0.08281394513708074,0.20807363923520703,Normal,Unclassified multivariate anomaly (novel pattern flagged by ML),False,False,none
2026-08-30 11:00:00,AWS_KOCHI,28.8,28.8,1012.7,1012.7,75.0,75.0,0.023457912638535725,0.011728956319267863,Normal,none,False,False,none
2026-08-30 11:00:00,AWS_BLR,26.3,26.3,913.5,913.5,58.0,58.0,0.018585045443535314,0.009292522721767657,Normal,none,False,False,none
2026-08-30 11:00:00,AWS_NOIDA,32.8,32.8,980.4,980.4,60.0,60.0,0.06566075027138836,0.19949704180236083,Normal,Data spike: implausible instantaneous jump,False,False,none
2026-08-30 11:00:00,AWS_GURGAON,32.3,32.3,978.1,978.1,61.0,61.0,0.11591584779481234,0.22462459056407283,Normal,Data spike: implausible instantaneous jump,False,False,none
2026-08-30 12:00:00,AWS_SHIMLA,24.1,18.5,809.7,806.95,67.0,97.0,0.27365136000224644,0.47015901333445653,Low,Sensor fault: reading outside physically possible range,True,False,none
2026-08-30 12:00:00,AWS_KOCHI,28.8,28.8,1012.3,1012.3,76.0,76.0,0.014351325567201222,0.007175662783600611,Normal,none,False,False,none
2026-08-30 12:00:00,AWS_JAISALMER,31.1,31.1,977.5,977.5,54.0,54.0,0.01475942835083108,0.00737971417541554,Normal,none,False,False,none
2026-08-30 12:00:00,AWS_GURGAON,32.3,32.3,977.8,977.8,61.0,61.0,0.07166827111941249,0.2025008022263729,Normal,Localized fault: disagrees with neighboring stations,False,False,none
2026-08-30 12:00:00,AWS_DELHI,33.7,33.7,978.6,978.6,53.0,53.0,0.05895736163295674,0.19614534748314502,Normal,Unclassified multivariate anomaly (novel pattern flagged by ML),False,False,none
2026-08-30 12:00:00,AWS_NOIDA,33.5,33.5,980.1,980.1,56.0,56.0,0.044394119333911825,0.022197059666955912,Normal,none,False,False,none
2026-08-30 12:00:00,AWS_BLR,27.4,27.4,913.0,913.0,54.0,54.0,0.012272554587140338,0.006136277293570169,Normal,none,False,False,none
2026-08-30 13:00:00,AWS_SHIMLA,24.3,18.5,809.3,806.95,66.0,97.0,0.25955030666305906,0.4631084866648628,Low,Sensor fault: reading outside physically possible range,True,False,none
2026-08-30 13:00:00,AWS_GURGAON,32.3,32.3,977.3,977.3,61.0,61.0,0.07987475636498179,0.20660404484915756,Normal,Localized fault: disagrees with neighboring stations,False,False,none
2026-08-30 13:00:00,AWS_NOIDA,33.2,33.2,979.7,979.7,57.0,57.0,0.028212391934535806,0.014106195967267903,Normal,none,False,False,none
2026-08-30 13:00:00,AWS_DELHI,33.4,33.4,978.2,978.2,54.0,54.0,0.06413198886196528,0.1987326610976493,Normal,Unclassified multivariate anomaly (novel pattern flagged by ML),False,False,none
2026-08-30 13:00:00,AWS_KOCHI,28.7,28.7,1011.5,1011.5,78.0,78.0,0.04417403382326064,0.02208701691163032,Normal,Data spike: implausible instantaneous jump,False,False,none
2026-08-30 13:00:00,AWS_BLR,28.4,28.4,912.2,912.2,50.0,50.0,0.029990009466334674,0.014995004733167337,Normal,Data spike: implausible instantaneous jump,False,False,none
2026-08-30 13:00:00,AWS_JAISALMER,32.1,32.1,977.1,977.1,51.0,51.0,0.01079404494484805,0.005397022472424025,Normal,none,False,False,none
2026-08-30 14:00:00,AWS_JAISALMER,32.8,32.8,976.4,976.4,49.0,49.0,0.030017016008291948,0.015008508004145974,Normal,none,False,False,none
2026-08-30 14:00:00,AWS_GURGAON,33.0,33.0,976.8,976.8,58.0,58.0,0.050384877588718666,0.025192438794359333,Normal,Data spike: implausible instantaneous jump,False,False,none
2026-08-30 14:00:00,AWS_DELHI,33.3,33.3,977.5,977.5,54.0,54.0,0.11775174923327814,0.3922092079499724,Normal,Data spike: implausible instantaneous jump,False,False,none
2026-08-30 14:00:00,AWS_SHIMLA,20.8,18.5,807.0,806.95,86.0,97.0,0.4507626119607737,0.7253813059803869,Medium,Sensor fault: reading outside physically possible range,True,False,none
2026-08-30 14:00:00,AWS_KOCHI,28.5,28.5,1010.8,1010.8,79.0,79.0,0.02163416472691424,0.01081708236345712,Normal,none,False,False,none
2026-08-30 14:00:00,AWS_BLR,28.8,28.8,911.4,911.4,50.0,50.0,0.02532596453483252,0.01266298226741626,Normal,Data spike: implausible instantaneous jump,False,False,none
2026-08-30 14:00:00,AWS_NOIDA,32.5,32.5,979.1,979.1,64.0,64.0,0.0904368209566457,0.2118850771449895,Normal,Data spike: implausible instantaneous jump,False,False,none
2026-08-30 15:00:00,AWS_JAISALMER,33.3,33.3,975.8,975.8,47.0,47.0,0.016238603707991715,0.008119301853995857,Normal,none,False,False,none
2026-08-30 15:00:00,AWS_BLR,27.6,27.6,911.1,911.1,52.0,52.0,0.008075631701509252,0.004037815850754626,Normal,none,False,False,none
2026-08-30 15:00:00,AWS_DELHI,34.0,34.0,976.9,976.9,51.0,51.0,0.10440270987308184,0.21886802160320756,Normal,Unclassified multivariate anomaly (novel pattern flagged by ML),False,False,none
2026-08-30 15:00:00,AWS_GURGAON,33.4,33.4,976.2,976.2,55.0,55.0,0.06540454203222015,0.03270227101611008,Normal,Data spike: implausible instantaneous jump,False,False,none
2026-08-30 15:00:00,AWS_NOIDA,32.9,32.9,978.6,978.6,60.0,60.0,0.03720534896216223,0.018602674481081116,Normal,none,False,False,none
2026-08-30 15:00:00,AWS_KOCHI,28.3,28.3,1010.4,1010.4,80.0,80.0,0.0036770999434755417,0.0018385499717377708,Normal,none,False,False,none
2026-08-30 15:00:00,AWS_SHIMLA,20.2,18.5,807.3,806.95,95.0,97.0,0.33734579962363953,0.5020062331451531,Low,Sensor fault: reading outside physically possible range,True,False,none
2026-08-30 16:00:00,AWS_SHIMLA,19.8,18.5,807.1,806.95,95.0,97.0,0.23110420274690618,0.28221876804011975,Low,Sensor fault: reading outside physically possible range,True,False,none
2026-08-30 16:00:00,AWS_KOCHI,28.0,28.0,1010.5,1010.5,81.0,81.0,0.0015539941415389572,0.0007769970707694786,Normal,none,False,False,none
2026-08-30 16:00:00,AWS_DELHI,33.7,33.7,977.0,977.0,51.0,51.0,0.06924736507576824,0.20129034920455077,Normal,Unclassified multivariate anomaly (novel pattern flagged by ML),False,False,none
2026-08-30 16:00:00,AWS_JAISALMER,33.1,33.1,975.4,975.4,47.0,47.0,0.011357678955985719,0.0056788394779928595,Normal,none,False,False,none
2026-08-30 16:00:00,AWS_BLR,27.2,27.2,910.7,910.7,54.0,54.0,0.004863642369713757,0.0024318211848568783,Normal,none,False,False,none
2026-08-30 16:00:00,AWS_NOIDA,32.8,32.8,978.7,978.7,61.0,61.0,0.02430463479142885,0.012152317395714426,Normal,none,False,False,none
2026-08-30 16:00:00,AWS_GURGAON,33.1,33.1,976.2,976.2,56.0,56.0,0.03400304878877347,0.017001524394386736,Normal,Unclassified multivariate anomaly (novel pattern flagged by ML),False,False,none
2026-08-30 17:00:00,AWS_JAISALMER,32.7,32.7,975.4,975.4,49.0,49.0,0.012162699825607491,0.006081349912803746,Normal,none,False,False,none
2026-08-30 17:00:00,AWS_SHIMLA,19.1,18.5,806.3,806.95,99.0,97.0,0.2555999531952497,0.2944666432642915,Low,Sensor fault: reading outside physically possible range,True,False,none
2026-08-30 17:00:00,AWS_BLR,26.1,26.1,911.2,911.2,58.0,58.0,0.00600923761252135,0.003004618806260675,Normal,none,False,False,none
2026-08-30 17:00:00,AWS_NOIDA,32.5,32.5,978.2,978.2,66.0,66.0,0.061207723826640074,0.030603861913320037,Normal,Data spike: implausible instantaneous jump,False,False,none
2026-08-30 17:00:00,AWS_GURGAON,33.0,33.0,975.6,975.6,60.0,60.0,0.05763874444200871,0.028819372221004357,Normal,Data spike: implausible instantaneous jump,False,False,none
2026-08-30 17:00:00,AWS_DELHI,33.6,33.6,976.5,976.5,54.0,54.0,0.08515234480894027,0.20924283907113678,Normal,Unclassified multivariate anomaly (novel pattern flagged by ML),False,False,none
2026-08-30 17:00:00,AWS_KOCHI,28.1,28.1,1010.4,1010.4,80.0,80.0,0.00326352447521826,0.00163176223760913,Normal,none,False,False,none
2026-08-30 18:00:00,AWS_SHIMLA,19.0,18.5,806.9,806.95,99.0,97.0,0.2311322645004438,0.28223279891688857,Low,Sensor fault: reading outside physically possible range,True,False,none
2026-08-30 18:00:00,AWS_BLR,23.8,23.8,911.8,911.8,74.0,74.0,0.10434028075192037,0.21883680704262684,Normal,Data spike: implausible instantaneous jump,False,False,none
2026-08-30 18:00:00,AWS_NOIDA,31.2,31.2,978.6,978.6,73.0,73.0,0.0757779485256288,0.20455564092948106,Normal,Data spike: implausible instantaneous jump,False,False,none
2026-08-30 18:00:00,AWS_GURGAON,31.1,29.3,975.8,976.9,74.0,72.0,0.17909787724209453,0.2562156052877139,Low,Data spike: implausible instantaneous jump,True,False,none
2026-08-30 18:00:00,AWS_KOCHI,27.3,27.3,1011.0,1011.0,84.0,84.0,0.05297834003089393,0.1931558366821136,Normal,Data spike: implausible instantaneous jump,False,False,none
2026-08-30 18:00:00,AWS_DELHI,32.3,32.3,976.9,976.9,63.0,63.0,0.12247864061230802,0.39457265363948735,Normal,Data spike: implausible instantaneous jump,False,False,none
2026-08-30 18:00:00,AWS_JAISALMER,31.4,31.4,975.5,975.5,54.0,54.0,0.025656303580600223,0.012828151790300111,Normal,none,False,False,none
2026-08-30 19:00:00,AWS_DELHI,31.4,31.4,977.3,977.3,69.0,69.0,0.05453956908523856,0.02726978454261928,Normal,Unclassified multivariate anomaly (novel pattern flagged by ML),False,False,none
2026-08-30 19:00:00,AWS_BLR,23.0,23.0,912.2,912.2,78.0,78.0,0.0024144822606949573,0.0012072411303474786,Normal,none,False,False,none
2026-08-30 19:00:00,AWS_JAISALMER,29.9,29.9,975.8,975.8,59.0,59.0,0.019955748201690424,0.009977874100845212,Normal,none,False,False,none
2026-08-30 19:00:00,AWS_NOIDA,30.5,30.5,979.0,979.0,75.0,75.0,0.02616267669915491,0.013081338349577455,Normal,Localized fault: disagrees with neighboring stations,False,False,none
2026-08-30 19:00:00,AWS_SHIMLA,18.7,18.5,806.9,806.95,100.0,97.0,0.23187670689388368,0.2826050201136085,Low,Sensor fault: reading outside physically possible range,True,False,none
2026-08-30 19:00:00,AWS_GURGAON,30.0,30.0,976.3,976.3,78.0,78.0,0.08016580640668369,0.2067495698700085,Normal,Localized fault: disagrees with neighboring stations,False,False,none
2026-08-30 19:00:00,AWS_KOCHI,27.2,27.2,1011.7,1011.7,86.0,86.0,0.019978963927163487,0.009989481963581744,Normal,none,False,False,none
2026-08-30 20:00:00,AWS_JAISALMER,29.1,29.1,976.4,976.4,61.0,61.0,0.02241087863297652,0.01120543931648826,Normal,none,False,False,none
2026-08-30 20:00:00,AWS_NOIDA,29.9,29.9,979.7,979.7,77.0,77.0,0.07157012686912823,0.20245173010123077,Normal,Data spike: implausible instantaneous jump,False,False,none
2026-08-30 20:00:00,AWS_GURGAON,29.7,29.7,977.0,977.0,78.0,78.0,0.07419049159563476,0.20376191246448405,Normal,Localized fault: disagrees with neighboring stations,False,False,none
2026-08-30 20:00:00,AWS_SHIMLA,18.3,18.5,807.3,806.95,100.0,97.0,0.23091093918876757,0.2821221362610504,Low,Sensor fault: reading outside physically possible range,True,False,none
2026-08-30 20:00:00,AWS_DELHI,31.0,31.0,978.0,978.0,70.0,70.0,0.07067552978079678,0.20200443155706505,Normal,Data spike: implausible instantaneous jump,False,False,none
2026-08-30 20:00:00,AWS_BLR,22.8,22.8,912.6,912.6,79.0,79.0,0.0016970257687401716,0.0008485128843700858,Normal,none,False,False,none
2026-08-30 20:00:00,AWS_KOCHI,27.1,27.1,1012.2,1012.2,86.0,86.0,0.0061202786563909544,0.0030601393281954772,Normal,none,False,False,none
2026-08-30 21:00:00,AWS_KOCHI,27.0,27.0,1012.8,1012.8,88.0,88.0,0.02221007720427716,0.01110503860213858,Normal,none,False,False,none
2026-08-30 21:00:00,AWS_GURGAON,29.3,29.3,977.6,977.6,76.0,76.0,0.04188969972324386,0.02094484986162193,Normal,Localized fault: disagrees with neighboring stations,False,False,none
2026-08-30 21:00:00,AWS_BLR,22.6,22.6,913.1,913.1,78.0,78.0,0.008333397431540728,0.004166698715770364,Normal,none,False,False,none
2026-08-30 21:00:00,AWS_JAISALMER,28.8,28.8,976.7,976.7,62.0,62.0,0.003099678046792628,0.001549839023396314,Normal,none,False,False,none
2026-08-30 21:00:00,AWS_NOIDA,29.4,29.4,980.4,980.4,79.0,79.0,0.0680177393131379,0.2006755363232356,Normal,Data spike: implausible instantaneous jump,False,False,none
2026-08-30 21:00:00,AWS_DELHI,30.5,30.5,978.6,978.6,71.0,71.0,0.04584730490169555,0.022923652450847775,Normal,Data spike: implausible instantaneous jump,False,False,none
2026-08-30 21:00:00,AWS_SHIMLA,18.3,18.5,807.6,807.05,97.0,96.5,0.23151967433038523,0.2824265038318593,Low,Sensor fault: reading outside physically possible range,True,False,none
2026-08-30 22:00:00,AWS_DELHI,30.0,30.0,978.6,978.6,72.0,72.0,0.017318049661977346,0.008659024830988673,Normal,none,False,False,none
2026-08-30 22:00:00,AWS_GURGAON,29.0,29.0,977.5,977.5,76.0,76.0,0.018979171792088877,0.009489585896044438,Normal,none,False,False,none
2026-08-30 22:00:00,AWS_KOCHI,26.6,26.6,1013.1,1013.1,91.0,91.0,0.032764261946759174,0.016382130973379587,Normal,Data spike: implausible instantaneous jump,False,False,none
2026-08-30 22:00:00,AWS_JAISALMER,28.4,28.4,976.9,976.9,63.0,63.0,0.0024745572383357405,0.0012372786191678703,Normal,none,False,False,none
2026-08-30 22:00:00,AWS_BLR,22.0,22.0,913.3,913.3,80.0,80.0,0.0022389462787138683,0.0011194731393569341,Normal,none,False,False,none
2026-08-30 22:00:00,AWS_NOIDA,29.0,29.0,980.3,980.3,81.0,81.0,0.02436912177513194,0.01218456088756597,Normal,Localized fault: disagrees with neighboring stations,False,False,none
2026-08-30 22:00:00,AWS_SHIMLA,17.8,18.5,807.5,807.05,99.0,96.5,0.23774507288209934,0.2855392031077163,Low,Sensor fault: reading outside physically possible range,True,False,none
2026-08-30 23:00:00,AWS_GURGAON,29.2,29.2,976.9,976.9,76.0,76.0,0.026143572581857462,0.013071786290928731,Normal,none,False,False,none
2026-08-30 23:00:00,AWS_JAISALMER,27.5,27.5,976.8,976.8,69.0,69.0,0.04415143532662551,0.022075717663312754,Normal,Data spike: implausible instantaneous jump,False,False,none
2026-08-30 23:00:00,AWS_KOCHI,26.7,26.7,1012.8,1012.8,87.0,87.0,0.05253205745294861,0.19293269539314095,Normal,Data spike: implausible instantaneous jump,False,False,none
2026-08-30 23:00:00,AWS_NOIDA,29.3,29.3,979.4,979.4,82.0,82.0,0.05514291611017504,0.02757145805508752,Normal,Data spike: implausible instantaneous jump,False,False,none
2026-08-30 23:00:00,AWS_SHIMLA,17.9,18.5,807.5,807.05,97.0,96.5,0.22836501980050633,0.2808491765669198,Low,Sensor fault: reading outside physically possible range,True,False,none
2026-08-30 23:00:00,AWS_BLR,21.5,21.5,912.7,912.7,83.0,83.0,0.01775764216110361,0.008878821080551805,Normal,none,False,False,none
2026-08-30 23:00:00,AWS_DELHI,30.0,30.0,977.8,977.8,74.0,74.0,0.048269906227466214,0.024134953113733107,Normal,Data spike: implausible instantaneous jump,False,False,none
2026-08-31 00:00:00,AWS_NOIDA,28.8,28.8,979.2,979.2,81.0,81.0,0.019405405446341013,0.009702702723170507,Normal,none,False,False,none
2026-08-31 00:00:00,AWS_BLR,20.6,20.6,912.4,912.4,89.0,89.0,0.031265594091517766,0.015632797045758883,Normal,Data spike: implausible instantaneous jump,False,False,none
2026-08-31 00:00:00,AWS_GURGAON,29.0,29.0,976.7,976.7,73.0,73.0,0.011516172847529727,0.005758086423764863,Normal,none,False,False,none
2026-08-31 00:00:00,AWS_JAISALMER,26.7,26.7,976.6,976.6,74.0,74.0,0.03526782507184444,0.01763391253592222,Normal,Data spike: implausible instantaneous jump,False,False,none
2026-08-31 00:00:00,AWS_KOCHI,26.7,26.7,1012.3,1012.3,85.0,85.0,0.004334044705629988,0.002167022352814994,Normal,none,False,False,none
2026-08-31 00:00:00,AWS_DELHI,29.4,29.4,977.6,977.6,75.0,75.0,0.020475594428001374,0.010237797214000687,Normal,none,False,False,none
2026-08-31 00:00:00,AWS_SHIMLA,17.4,18.5,806.6,807.05,98.0,96.5,0.2661866129235561,0.2997599731284447,Low,Sensor fault: reading outside physically possible range,True,False,none
2026-08-31 01:00:00,AWS_GURGAON,28.6,28.6,976.5,976.5,72.0,72.0,0.007506639700344446,0.003753319850172223,Normal,none,False,False,none
2026-08-31 01:00:00,AWS_KOCHI,26.5,26.5,1011.8,1011.8,87.0,87.0,0.002224737930172554,0.001112368965086277,Normal,none,False,False,none
2026-08-31 01:00:00,AWS_DELHI,29.1,29.1,977.3,977.3,73.0,73.0,0.026602246545044977,0.013301123272522489,Normal,none,False,False,none
2026-08-31 01:00:00,AWS_BLR,20.2,20.2,911.8,911.8,90.0,90.0,0.024781704029058615,0.012390852014529307,Normal,Data spike: implausible instantaneous jump,False,False,none
2026-08-31 01:00:00,AWS_NOIDA,28.5,28.5,979.0,979.0,82.0,82.0,0.01330365116380537,0.006651825581902685,Normal,none,False,False,none
2026-08-31 01:00:00,AWS_SHIMLA,17.4,18.5,806.0,807.05,96.0,96.5,0.24667046654627647,0.2900018999398049,Low,Sensor fault: reading outside physically possible range,True,False,none
2026-08-31 01:00:00,AWS_JAISALMER,26.0,26.0,976.4,976.4,78.0,78.0,0.025964281585262303,0.012982140792631151,Normal,none,False,False,none
2026-08-31 02:00:00,AWS_KOCHI,26.0,26.0,1011.4,1011.4,90.0,90.0,0.03695726773957589,0.018478633869787944,Normal,Data spike: implausible instantaneous jump,False,False,none
2026-08-31 02:00:00,AWS_BLR,19.8,19.8,911.4,911.4,90.0,90.0,0.005376645854134391,0.0026883229270671955,Normal,none,False,False,none
2026-08-31 02:00:00,AWS_JAISALMER,25.2,25.2,976.2,976.2,80.0,80.0,0.01063476546853214,0.00531738273426607,Normal,none,False,False,none
2026-08-31 02:00:00,AWS_NOIDA,28.5,28.5,978.7,978.7,78.0,78.0,0.028183723733166428,0.014091861866583214,Normal,none,False,False,none
2026-08-31 02:00:00,AWS_DELHI,28.8,28.8,977.1,977.1,70.0,70.0,0.0411357202264918,0.0205678601132459,Normal,none,False,False,none
2026-08-31 02:00:00,AWS_SHIMLA,17.8,18.5,806.1,807.05,94.0,96.5,0.23360144091423954,0.28346738712378644,Low,Sensor fault: reading outside physically possible range,True,False,none
2026-08-31 02:00:00,AWS_GURGAON,28.0,28.0,976.4,976.4,71.0,71.0,0.03413314360353056,0.01706657180176528,Normal,Data spike: implausible instantaneous jump,False,False,none
2026-08-31 03:00:00,AWS_NOIDA,28.3,28.3,978.8,978.8,74.0,74.0,0.034165911937476916,0.017082955968738458,Normal,none,False,False,none
2026-08-31 03:00:00,AWS_KOCHI,25.8,25.8,1011.0,1011.0,91.0,91.0,0.0020519491892891473,0.0010259745946445736,Normal,none,False,False,none
2026-08-31 03:00:00,AWS_GURGAON,27.6,27.6,976.5,976.5,72.0,72.0,0.03603918227005804,0.01801959113502902,Normal,Localized fault: disagrees with neighboring stations,False,False,none
2026-08-31 03:00:00,AWS_BLR,19.4,19.4,911.0,911.0,92.0,92.0,0.008248500932992774,0.004124250466496387,Normal,none,False,False,none
2026-08-31 03:00:00,AWS_DELHI,28.3,28.3,977.3,977.3,70.0,70.0,0.0245200254105748,0.0122600127052874,Normal,none,False,False,none
2026-08-31 03:00:00,AWS_SHIMLA,17.4,18.5,806.0,807.1500000000001,97.0,96.5,0.24945606809985535,0.29139470071659435,Low,Sensor fault: reading outside physically possible range,True,False,none
2026-08-31 03:00:00,AWS_JAISALMER,24.6,24.6,976.5,976.5,83.0,83.0,0.023745622929591727,0.011872811464795864,Normal,none,False,False,none
2026-08-31 04:00:00,AWS_GURGAON,27.2,27.2,976.8,976.8,73.0,73.0,0.03580072316199005,0.017900361580995026,Normal,Localized fault: disagrees with neighboring stations,False,False,none
2026-08-31 04:00:00,AWS_NOIDA,27.8,27.8,979.2,979.2,73.0,73.0,0.022135481070184204,0.011067740535092102,Normal,none,False,False,none
2026-08-31 04:00:00,AWS_JAISALMER,24.6,24.6,976.8,976.8,83.0,83.0,0.0221406356635739,0.01107031783178695,Normal,none,False,False,none
2026-08-31 04:00:00,AWS_SHIMLA,17.6,18.35,806.2,807.0,96.0,97.0,0.22998925456840077,0.28166129395086703,Low,Sensor fault: reading outside physically possible range,True,False,none
2026-08-31 04:00:00,AWS_DELHI,27.8,27.8,977.6,977.6,71.0,71.0,0.01938750454714365,0.009693752273571825,Normal,none,False,False,none
2026-08-31 04:00:00,AWS_KOCHI,25.1,25.1,1011.3,1011.3,92.0,92.0,0.05362920408058447,0.1934812687069589,Normal,Data spike: implausible instantaneous jump,False,False,none
2026-08-31 04:00:00,AWS_BLR,19.3,19.3,911.1,911.1,93.0,93.0,0.008030138895169776,0.004015069447584888,Normal,none,False,False,none
2026-08-31 05:00:00,AWS_BLR,20.0,20.0,911.7,911.7,91.0,91.0,0.03656579428268571,0.018282897141342853,Normal,Data spike: implausible instantaneous jump,False,False,none
2026-08-31 05:00:00,AWS_NOIDA,28.5,28.5,979.2,979.2,70.0,70.0,0.04316630005504443,0.021583150027522216,Normal,none,False,False,none
2026-08-31 05:00:00,AWS_GURGAON,27.4,27.4,977.0,977.0,73.0,73.0,0.023648705029786783,0.011824352514893392,Normal,Localized fault: disagrees with neighboring stations,False,False,none
2026-08-31 05:00:00,AWS_JAISALMER,25.1,25.1,976.9,976.9,82.0,82.0,0.007742617483719345,0.0038713087418596726,Normal,none,False,False,none
2026-08-31 05:00:00,AWS_DELHI,28.2,28.2,977.8,977.8,70.0,70.0,0.018858069617331493,0.009429034808665747,Normal,none,False,False,none
2026-08-31 05:00:00,AWS_KOCHI,25.3,25.3,1011.4,1011.4,94.0,94.0,0.005807778552706922,0.002903889276353461,Normal,none,False,False,none
2026-08-31 05:00:00,AWS_SHIMLA,17.2,18.35,806.1,806.9,100.0,97.0,0.27455929428732834,0.3039463138103308,Low,Sensor fault: reading outside physically possible range,True,False,none
2026-08-31 06:00:00,AWS_NOIDA,27.9,27.9,979.9,979.9,72.0,72.0,0.039735768247312946,0.019867884123656473,Normal,none,False,False,none
2026-08-31 06:00:00,AWS_DELHI,27.8,27.8,978.3,978.3,70.0,70.0,0.036347032731274466,0.018173516365637233,Normal,none,False,False,none
2026-08-31 06:00:00,AWS_GURGAON,27.0,27.0,977.6,977.6,73.0,73.0,0.06430689141351023,0.032153445706755115,Normal,Localized fault: disagrees with neighboring stations,False,False,none
2026-08-31 06:00:00,AWS_SHIMLA,17.2,18.35,806.4,806.9,99.0,97.0,0.24117463343041226,0.2872539833818728,Low,Sensor fault: reading outside physically possible range,True,False,none
2026-08-31 06:00:00,AWS_BLR,20.1,20.1,911.9,911.9,91.0,91.0,0.0037989681346795885,0.0018994840673397942,Normal,none,False,False,none
2026-08-31 06:00:00,AWS_JAISALMER,24.8,24.8,977.1,977.1,82.0,82.0,0.006792507700324309,0.0033962538501621543,Normal,none,False,False,none
2026-08-31 06:00:00,AWS_KOCHI,24.9,24.9,1011.9,1011.9,96.0,96.0,0.0314028465273469,0.01570142326367345,Normal,none,False,False,none
2026-08-31 07:00:00,AWS_JAISALMER,25.0,25.0,977.4,977.4,79.0,79.0,0.02066402678515054,0.01033201339257527,Normal,none,False,False,none
2026-08-31 07:00:00,AWS_BLR,21.3,21.3,912.8,912.8,85.0,85.0,0.06345047047916896,0.19839190190625114,Normal,Data spike: implausible instantaneous jump,False,False,none
2026-08-31 07:00:00,AWS_GURGAON,27.5,27.5,978.2,978.2,73.0,73.0,0.06225023685948488,0.03112511842974244,Normal,Localized fault: disagrees with neighboring stations,False,False,none
2026-08-31 07:00:00,AWS_DELHI,28.3,28.3,978.9,978.9,69.0,69.0,0.04661018131421428,0.02330509065710714,Normal,Data spike: implausible instantaneous jump,False,False,none
2026-08-31 07:00:00,AWS_NOIDA,28.3,28.3,980.5,980.5,71.0,71.0,0.031051290847520126,0.015525645423760063,Normal,none,False,False,none
2026-08-31 07:00:00,AWS_KOCHI,25.7,25.7,1012.2,1012.2,91.0,91.0,0.06591730143245282,0.19962531738289307,Normal,Data spike: implausible instantaneous jump,False,False,none
2026-08-31 07:00:00,AWS_SHIMLA,17.5,18.3,806.8,806.8499999999999,98.0,97.0,0.2435810920741326,0.2884572127037329,Low,Sensor fault: reading outside physically possible range,True,False,none
2026-08-31 08:00:00,AWS_SHIMLA,18.8,18.15,807.4,806.7,92.0,97.0,0.3323453218962218,0.4995059942814442,Low,Sensor fault: reading outside physically possible range,True,False,none
2026-08-31 08:00:00,AWS_BLR,23.0,23.0,913.5,913.5,75.0,75.0,0.10514883072687277,0.21924108203010303,Normal,Data spike: implausible instantaneous jump,False,False,none
2026-08-31 08:00:00,AWS_DELHI,29.3,29.3,979.1,979.1,65.0,65.0,0.08881833319831745,0.21107583326582538,Normal,Data spike: implausible instantaneous jump,False,False,none
2026-08-31 08:00:00,AWS_JAISALMER,25.9,25.9,977.8,977.8,75.0,75.0,0.034479219724987784,0.017239609862493892,Normal,Data spike: implausible instantaneous jump,False,False,none
2026-08-31 08:00:00,AWS_KOCHI,27.0,27.0,1012.6,1012.6,84.0,84.0,0.10429122870372894,0.21881228101853112,Normal,Data spike: implausible instantaneous jump,False,False,none
2026-08-31 08:00:00,AWS_GURGAON,28.6,28.6,978.4,978.4,69.0,69.0,0.11426936242398819,0.22380134787866074,Normal,Data spike: implausible instantaneous jump,False,False,none
2026-08-31 08:00:00,AWS_NOIDA,29.0,29.0,980.7,980.7,69.0,69.0,0.03450683971103358,0.01725341985551679,Normal,Data spike: implausible instantaneous jump,False,False,none
2026-08-31 09:00:00,AWS_JAISALMER,27.3,27.3,978.0,978.0,69.0,69.0,0.04088111989231403,0.020440559946157014,Normal,Data spike: implausible instantaneous jump,False,False,none
2026-08-31 09:00:00,AWS_BLR,24.1,24.1,913.5,913.5,69.0,69.0,0.04857742319678073,0.190955378265057,Normal,Data spike: implausible instantaneous jump,False,False,none
2026-08-31 09:00:00,AWS_GURGAON,29.6,29.6,978.6,978.6,66.0,66.0,0.09867213493778061,0.21600273413555696,Normal,Data spike: implausible instantaneous jump,False,False,none
2026-08-31 09:00:00,AWS_SHIMLA,20.4,17.95,808.3,806.7,82.0,96.5,0.3694777944822121,0.5180722305744394,Low,Sensor fault: reading outside physically possible range,True,False,none
2026-08-31 09:00:00,AWS_KOCHI,28.4,28.4,1012.5,1012.5,77.0,77.0,0.07665182381099926,0.2049925785721663,Normal,Data spike: implausible instantaneous jump,False,False,none
2026-08-31 09:00:00,AWS_NOIDA,29.4,29.4,981.0,981.0,68.0,68.0,0.012345264938563846,0.006172632469281923,Normal,none,False,False,none
2026-08-31 09:00:00,AWS_DELHI,30.0,30.0,979.5,979.5,63.0,63.0,0.04892632648593656,0.02446316324296828,Normal,Unclassified multivariate anomaly (novel pattern flagged by ML),False,False,none
2026-08-31 10:00:00,AWS_KOCHI,29.1,29.1,1012.3,1012.3,74.0,74.0,0.02789821044870084,0.01394910522435042,Normal,none,False,False,none
2026-08-31 10:00:00,AWS_DELHI,31.9,30.0,979.5,977.7,57.0,68.5,0.18272432051429108,0.42469549359047887,Low,Data spike: implausible instantaneous jump,True,False,none
2026-08-31 10:00:00,AWS_BLR,26.0,26.0,913.7,913.7,60.0,60.0,0.07476581879563259,0.20404957606448296,Normal,Data spike: implausible instantaneous jump,False,False,none
2026-08-31 10:00:00,AWS_NOIDA,31.0,31.0,981.0,981.0,63.0,63.0,0.118678973793076,0.22600615356320466,Normal,Data spike: implausible instantaneous jump,False,False,none
2026-08-31 10:00:00,AWS_SHIMLA,21.3,17.85,808.9,806.7,77.0,96.0,0.2918703739261208,0.4792685202963937,Low,Sensor fault: reading outside physically possible range,True,False,none
2026-08-31 10:00:00,AWS_GURGAON,31.0,29.0,978.8,976.8,62.0,73.0,0.15069423638424922,0.24201378485879127,Low,Data spike: implausible instantaneous jump,True,False,none
2026-08-31 10:00:00,AWS_JAISALMER,28.8,28.8,978.0,978.0,63.0,63.0,0.03857243427754867,0.019286217138774334,Normal,Data spike: implausible instantaneous jump,False,False,none
2026-08-31 11:00:00,AWS_NOIDA,32.5,32.5,980.9,980.9,57.0,57.0,0.11442873230823052,0.22388103282078192,Normal,Data spike: implausible instantaneous jump,False,False,none
2026-08-31 11:00:00,AWS_KOCHI,28.8,28.8,1011.6,1011.6,76.0,76.0,0.05726020311276918,0.19529676822305125,Normal,Data spike: implausible instantaneous jump,False,False,none
2026-08-31 11:00:00,AWS_SHIMLA,24.0,17.85,809.8,806.7,61.0,96.0,0.42631428383800835,0.7131571419190041,Medium,Sensor fault: reading outside physically possible range,True,False,none
2026-08-31 11:00:00,AWS_GURGAON,32.0,32.0,978.6,978.6,58.0,58.0,0.12149650035404298,0.3940815835103548,Normal,Data spike: implausible instantaneous jump,False,False,none
2026-08-31 11:00:00,AWS_JAISALMER,30.5,30.5,977.6,977.6,57.0,57.0,0.04711166663870028,0.19022249998601679,Normal,Data spike: implausible instantaneous jump,False,False,none
2026-08-31 11:00:00,AWS_BLR,26.4,26.4,913.4,913.4,58.0,58.0,0.0032122170389693116,0.0016061085194846558,Normal,none,False,False,none
2026-08-31 11:00:00,AWS_DELHI,33.4,30.3,979.4,977.7,51.0,68.5,0.1656638365298813,0.41616525159827394,Low,Data spike: implausible instantaneous jump,True,False,none
2026-08-31 12:00:00,AWS_JAISALMER,31.8,31.8,977.5,977.5,52.0,52.0,0.027770999502485082,0.013885499751242541,Normal,Data spike: implausible instantaneous jump,False,False,none
2026-08-31 12:00:00,AWS_KOCHI,28.6,28.6,1011.3,1011.3,79.0,79.0,0.015221995506812037,0.0076109977534060185,Normal,none,False,False,none
2026-08-31 12:00:00,AWS_DELHI,33.7,33.7,978.8,978.8,50.0,50.0,0.09739934514464098,0.21536633923898715,Normal,Unclassified multivariate anomaly (novel pattern flagged by ML),False,False,none
2026-08-31 12:00:00,AWS_BLR,26.6,26.6,912.9,912.9,58.0,58.0,0.009702550162623181,0.004851275081311591,Normal,none,False,False,none
2026-08-31 12:00:00,AWS_GURGAON,32.7,32.7,978.0,978.0,56.0,56.0,0.13034962477664117,0.3985081457216539,Normal,Data spike: implausible instantaneous jump,False,False,none
2026-08-31 12:00:00,AWS_SHIMLA,22.8,17.8,809.1,806.7,71.0,96.0,0.32756861269217175,0.4971176396794192,Low,Sensor fault: reading outside physically possible range,True,False,none
2026-08-31 12:00:00,AWS_NOIDA,33.3,33.3,980.2,980.2,54.0,54.0,0.04945627383734043,0.024728136918670214,Normal,Data spike: implausible instantaneous jump,False,False,none
2026-08-31 13:00:00,AWS_JAISALMER,32.7,32.7,976.7,976.7,50.0,50.0,0.09062085306554515,0.21197709319943925,Normal,Data spike: implausible instantaneous jump,False,False,none
2026-08-31 13:00:00,AWS_DELHI,34.4,34.4,977.9,977.9,48.0,48.0,0.13647939781465968,0.40157303224066315,Normal,Unclassified multivariate anomaly (novel pattern flagged by ML),False,False,none
2026-08-31 13:00:00,AWS_KOCHI,28.6,28.6,1010.6,1010.6,79.0,79.0,0.043290269630018564,0.18831180148167595,Normal,Data spike: implausible instantaneous jump,False,False,none
2026-08-31 13:00:00,AWS_GURGAON,33.1,28.7,977.1,977.0,54.0,73.0,0.1809687239166796,0.4238176952916731,Low,Data spike: implausible instantaneous jump,True,False,none
2026-08-31 13:00:00,AWS_NOIDA,33.8,33.8,979.4,979.4,53.0,53.0,0.05096920560256211,0.025484602801281054,Normal,Data spike: implausible instantaneous jump,False,False,none
2026-08-31 13:00:00,AWS_BLR,27.9,27.9,912.0,912.0,52.0,52.0,0.04871115684841718,0.02435557842420859,Normal,Data spike: implausible instantaneous jump,False,False,none
2026-08-31 13:00:00,AWS_SHIMLA,19.8,17.8,807.6,806.75,95.0,96.0,0.44215858393871965,0.7210792919693598,Medium,Sensor fault: reading outside physically possible range,True,False,none
2026-08-31 14:00:00,AWS_DELHI,34.3,34.3,977.0,977.0,48.0,48.0,0.12383501144839448,0.39525083905753056,Normal,Unclassified multivariate anomaly (novel pattern flagged by ML),False,False,none
2026-08-31 14:00:00,AWS_KOCHI,28.6,28.6,1009.5,1009.5,78.0,78.0,0.08121053149576433,0.20727193241454883,Normal,Data spike: implausible instantaneous jump,False,False,none
2026-08-31 14:00:00,AWS_BLR,28.6,28.6,911.0,911.0,50.0,50.0,0.0429420529920236,0.0214710264960118,Normal,Data spike: implausible instantaneous jump,False,False,none
2026-08-31 14:00:00,AWS_JAISALMER,33.4,33.4,975.9,975.9,47.0,47.0,0.08663740956399552,0.20998537144866442,Normal,Data spike: implausible instantaneous jump,False,False,none
2026-08-31 14:00:00,AWS_GURGAON,33.3,28.7,976.2,977.0,53.0,73.0,0.1695822279123112,0.41812444728948894,Low,Data spike: implausible instantaneous jump,True,False,none
2026-08-31 14:00:00,AWS_SHIMLA,21.1,17.8,807.2,806.75,86.0,96.0,0.26313724564150615,0.29823528948741973,Low,Sensor fault: reading outside physically possible range,True,False,none
2026-08-31 14:00:00,AWS_NOIDA,33.6,33.6,978.5,978.5,53.0,53.0,0.05259748728774474,0.02629874364387237,Normal,Data spike: implausible instantaneous jump,False,False,none
2026-08-31 15:00:00,AWS_DELHI,34.3,34.3,976.4,976.4,48.0,48.0,0.09186679788997947,0.2126000656116564,Normal,Unclassified multivariate anomaly (novel pattern flagged by ML),False,False,none
2026-08-31 15:00:00,AWS_BLR,28.6,28.6,910.5,910.5,50.0,50.0,0.004613871570039869,0.0023069357850199344,Normal,none,False,False,none
2026-08-31 15:00:00,AWS_NOIDA,33.6,33.6,977.9,977.9,53.0,53.0,0.02402622130418125,0.012013110652090625,Normal,Unclassified multivariate anomaly (novel pattern flagged by ML),False,False,none
2026-08-31 15:00:00,AWS_SHIMLA,18.4,17.8,806.4,806.75,99.0,96.5,0.29700570280443167,0.3151695180688825,Low,Sensor fault: reading outside physically possible range,True,False,none
2026-08-31 15:00:00,AWS_JAISALMER,33.5,33.5,975.6,975.6,46.0,46.0,0.011442361175161796,0.005721180587580898,Normal,none,False,False,none
2026-08-31 15:00:00,AWS_GURGAON,33.1,33.1,975.7,975.7,53.0,53.0,0.08037662010944424,0.20685497672138878,Normal,Localized fault: disagrees with neighboring stations,False,False,none
2026-08-31 15:00:00,AWS_KOCHI,28.5,28.5,1009.3,1009.3,78.0,78.0,0.006706621510959096,0.003353310755479548,Normal,none,False,False,none
2026-08-31 16:00:00,AWS_BLR,28.0,28.0,910.0,910.0,53.0,53.0,0.010108618862497615,0.005054309431248807,Normal,none,False,False,none
2026-08-31 16:00:00,AWS_JAISALMER,33.2,33.2,974.9,974.9,47.0,47.0,0.0545195264506257,0.02725976322531285,Normal,Data spike: implausible instantaneous jump,False,False,none
2026-08-31 16:00:00,AWS_GURGAON,32.7,32.7,975.2,975.2,55.0,55.0,0.03722025599422589,0.018610127997112945,Normal,Unclassified multivariate anomaly (novel pattern flagged by ML),False,False,none
2026-08-31 16:00:00,AWS_NOIDA,32.9,32.9,977.4,977.4,58.0,58.0,0.05394265257897597,0.026971326289487986,Normal,Data spike: implausible instantaneous jump,False,False,none
2026-08-31 16:00:00,AWS_KOCHI,28.3,28.3,1009.3,1009.3,78.0,78.0,0.0070984837063825966,0.0035492418531912983,Normal,none,False,False,none
2026-08-31 16:00:00,AWS_DELHI,34.0,34.0,975.9,975.9,48.0,48.0,0.09055837541226319,0.21194585437279825,Normal,Unclassified multivariate anomaly (novel pattern flagged by ML),False,False,none
2026-08-31 16:00:00,AWS_SHIMLA,18.5,17.8,805.9,806.75,98.0,96.0,0.2338248967876361,0.2835791150604847,Low,Sensor fault: reading outside physically possible range,True,False,none
2026-08-31 17:00:00,AWS_NOIDA,32.9,32.9,977.6,977.6,62.0,62.0,0.0347444790333359,0.01737223951666795,Normal,none,False,False,none
2026-08-31 17:00:00,AWS_SHIMLA,19.3,17.8,806.2,806.75,96.0,96.0,0.23488721070679364,0.28411027202006345,Low,Sensor fault: reading outside physically possible range,True,False,none
2026-08-31 17:00:00,AWS_KOCHI,28.3,28.3,1009.2,1009.2,79.0,79.0,0.006378229668569742,0.003189114834284871,Normal,none,False,False,none
2026-08-31 17:00:00,AWS_DELHI,33.2,33.2,976.0,976.0,53.0,53.0,0.12072444375290717,0.3936955552097869,Normal,Unclassified multivariate anomaly (novel pattern flagged by ML),False,False,none
2026-08-31 17:00:00,AWS_JAISALMER,33.2,33.2,974.8,974.8,48.0,48.0,0.013865145496541022,0.006932572748270511,Normal,none,False,False,none
2026-08-31 17:00:00,AWS_BLR,26.8,26.8,910.6,910.6,55.0,55.0,0.017822168430893,0.0089110842154465,Normal,none,False,False,none
2026-08-31 17:00:00,AWS_GURGAON,32.5,32.5,975.2,975.2,61.0,61.0,0.08221366227707276,0.20777349780520304,Normal,Data spike: implausible instantaneous jump,False,False,none
2026-08-31 18:00:00,AWS_SHIMLA,18.0,17.8,806.2,806.75,99.0,96.0,0.2347235411995745,0.2840284372664539,Low,Sensor fault: reading outside physically possible range,True,False,none
2026-08-31 18:00:00,AWS_NOIDA,31.5,31.5,978.2,978.2,73.0,73.0,0.09136702208287012,0.21235017770810172,Normal,Data spike: implausible instantaneous jump,False,False,none
2026-08-31 18:00:00,AWS_BLR,25.6,25.6,911.1,911.1,61.0,61.0,0.018685235117488225,0.009342617558744113,Normal,none,False,False,none
2026-08-31 18:00:00,AWS_KOCHI,27.6,27.6,1009.9,1009.9,83.0,83.0,0.03301544292326603,0.016507721461633016,Normal,Data spike: implausible instantaneous jump,False,False,none
2026-08-31 18:00:00,AWS_GURGAON,30.9,30.9,975.7,975.7,73.0,73.0,0.11739517205304732,0.22536425269319033,Normal,Data spike: implausible instantaneous jump,False,False,none
2026-08-31 18:00:00,AWS_DELHI,32.4,32.4,976.6,976.6,57.0,57.0,0.10483052824522099,0.21908193078927715,Normal,Unclassified multivariate anomaly (novel pattern flagged by ML),False,False,none
2026-08-31 18:00:00,AWS_JAISALMER,31.8,31.8,974.7,974.7,53.0,53.0,0.02670615715141103,0.013353078575705515,Normal,none,False,False,none
2026-08-31 19:00:00,AWS_SHIMLA,17.8,17.8,806.4,806.75,98.0,96.0,0.22893735414848473,0.28113534374090904,Low,Sensor fault: reading outside physically possible range,True,False,none
2026-08-31 19:00:00,AWS_GURGAON,30.6,30.6,976.2,976.2,74.0,74.0,0.018302945778739144,0.009151472889369572,Normal,none,False,False,none
2026-08-31 19:00:00,AWS_NOIDA,30.5,30.5,978.8,978.8,76.0,76.0,0.022757422717669756,0.011378711358834878,Normal,none,False,False,none
2026-08-31 19:00:00,AWS_KOCHI,27.4,27.4,1010.5,1010.5,86.0,86.0,0.018343766623960627,0.009171883311980314,Normal,none,False,False,none
2026-08-31 19:00:00,AWS_BLR,24.9,24.9,911.5,911.5,64.0,64.0,0.0037543895314390203,0.0018771947657195101,Normal,none,False,False,none
2026-08-31 19:00:00,AWS_DELHI,31.7,31.7,977.2,977.2,64.0,64.0,0.10010723587303204,0.21672028460318268,Normal,Unclassified multivariate anomaly (novel pattern flagged by ML),False,False,none
2026-08-31 19:00:00,AWS_JAISALMER,30.3,30.3,975.3,975.3,58.0,58.0,0.033449129211982835,0.016724564605991418,Normal,none,False,False,none
2026-08-31 20:00:00,AWS_JAISALMER,29.5,29.5,975.8,975.8,60.0,60.0,0.017640977544830978,0.008820488772415489,Normal,none,False,False,none
2026-08-31 20:00:00,AWS_KOCHI,27.2,27.2,1011.1,1011.1,87.0,87.0,0.009181100769053116,0.004590550384526558,Normal,none,False,False,none
2026-08-31 20:00:00,AWS_GURGAON,29.6,29.6,976.8,976.8,80.0,80.0,0.06222054162173897,0.031110270810869485,Normal,Data spike: implausible instantaneous jump,False,False,none
2026-08-31 20:00:00,AWS_BLR,24.2,24.2,912.0,912.0,67.0,67.0,0.0032349196330687968,0.0016174598165343984,Normal,none,False,False,none
2026-08-31 20:00:00,AWS_SHIMLA,17.8,17.8,806.9,806.8,96.0,96.0,0.2300714869188133,0.28170241012607333,Low,Sensor fault: reading outside physically possible range,True,False,none
2026-08-31 20:00:00,AWS_DELHI,31.6,31.6,977.8,977.8,68.0,68.0,0.08802519768280152,0.21067926550806743,Normal,Localized fault: disagrees with neighboring stations,False,False,none
2026-08-31 20:00:00,AWS_NOIDA,29.7,29.7,979.4,979.4,80.0,80.0,0.013675069239753444,0.006837534619876722,Normal,none,False,False,none
2026-08-31 21:00:00,AWS_SHIMLA,17.8,17.8,807.3,806.8,95.0,96.0,0.22951994982377558,0.28142664157855446,Low,Sensor fault: reading outside physically possible range,True,False,none
2026-08-31 21:00:00,AWS_JAISALMER,29.0,29.0,976.4,976.4,62.0,62.0,0.01725959338971544,0.00862979669485772,Normal,none,False,False,none
2026-08-31 21:00:00,AWS_DELHI,31.2,31.2,978.5,978.5,71.0,71.0,0.08730525320719261,0.21031929327026297,Normal,Localized fault: disagrees with neighboring stations,False,False,none
2026-08-31 21:00:00,AWS_NOIDA,29.1,29.1,980.1,980.1,83.0,83.0,0.025042587490023357,0.012521293745011678,Normal,none,False,False,none
2026-08-31 21:00:00,AWS_KOCHI,27.2,27.2,1011.7,1011.7,87.0,87.0,7.534273935427957e-05,3.767136967713978e-05,Normal,none,False,False,none
2026-08-31 21:00:00,AWS_BLR,23.5,23.5,912.4,912.4,70.0,70.0,0.002930896503889965,0.0014654482519449825,Normal,none,False,False,none
2026-08-31 21:00:00,AWS_GURGAON,28.8,28.8,977.4,977.4,85.0,85.0,0.05729259334222575,0.028646296671112875,Normal,Localized fault: disagrees with neighboring stations,False,False,none
2026-08-31 22:00:00,AWS_JAISALMER,28.6,28.6,976.6,976.6,64.0,64.0,0.003189798808847166,0.001594899404423583,Normal,none,False,False,none
2026-08-31 22:00:00,AWS_KOCHI,27.2,27.2,1012.1,1012.1,87.0,87.0,0.0,0.0,Normal,none,False,False,none
2026-08-31 22:00:00,AWS_BLR,22.8,22.8,912.8,912.8,75.0,75.0,0.04242512501771861,0.021212562508859306,Normal,Data spike: implausible instantaneous jump,False,False,none
2026-08-31 22:00:00,AWS_GURGAON,28.3,28.3,977.5,977.5,87.0,87.0,0.051668428417542996,0.025834214208771498,Normal,Localized fault: disagrees with neighboring stations,False,False,none
2026-08-31 22:00:00,AWS_NOIDA,29.1,29.1,980.2,980.2,83.0,83.0,0.004030368688413079,0.0020151843442065393,Normal,none,False,False,none
2026-08-31 22:00:00,AWS_SHIMLA,17.6,17.8,807.2,806.8,95.0,96.0,0.2273862791825918,0.28035980625796253,Low,Sensor fault: reading outside physically possible range,True,False,none
2026-08-31 22:00:00,AWS_DELHI,30.6,30.6,978.5,978.5,73.0,73.0,0.04757085578615649,0.023785427893078245,Normal,Localized fault: disagrees with neighboring stations,False,False,none
2026-08-31 23:00:00,AWS_BLR,22.5,22.5,912.6,912.6,79.0,79.0,0.02976828149454089,0.014884140747270446,Normal,none,False,False,none
2026-08-31 23:00:00,AWS_NOIDA,29.3,29.3,979.9,979.9,83.0,83.0,0.023012837781377877,0.011506418890688938,Normal,Calibration drift: sustained deviation from local climatology,False,False,none
2026-08-31 23:00:00,AWS_JAISALMER,28.2,28.2,976.3,976.3,66.0,66.0,0.007352098561316257,0.0036760492806581285,Normal,none,False,False,none
2026-08-31 23:00:00,AWS_GURGAON,28.6,28.6,977.4,977.4,82.0,82.0,0.08208773001228617,0.041043865006143085,Normal,Calibration drift: sustained deviation from local climatology,False,False,none
2026-08-31 23:00:00,AWS_KOCHI,26.7,26.7,1011.9,1011.9,86.0,86.0,0.02764611056643568,0.01382305528321784,Normal,Data spike: implausible instantaneous jump,False,False,none
2026-08-31 23:00:00,AWS_DELHI,30.6,30.6,978.2,978.2,71.0,71.0,0.0557260615480036,0.0278630307740018,Normal,Localized fault: disagrees with neighboring stations,False,False,none
2026-08-31 23:00:00,AWS_SHIMLA,17.3,17.8,806.9,806.8,98.0,96.0,0.2456461573771182,0.28948974535522576,Low,Sensor fault: reading outside physically possible range,True,False,none
2026-09-01 00:00:00,AWS_JAISALMER,27.2,27.2,976.3,976.3,70.0,70.0,0.033645091503155276,0.016822545751577638,Normal,Data spike: implausible instantaneous jump,False,False,none
2026-09-01 00:00:00,AWS_KOCHI,26.6,26.6,1011.2,1011.2,87.0,87.0,0.014874965340168557,0.0074374826700842785,Normal,none,False,False,none
2026-09-01 00:00:00,AWS_SHIMLA,17.1,17.8,806.7,806.8,98.0,96.0,0.24274688585087037,0.28804010959210186,Low,Sensor fault: reading outside physically possible range,True,False,none
2026-09-01 00:00:00,AWS_NOIDA,29.0,29.0,979.8,979.8,81.0,81.0,0.01854761395480178,0.00927380697740089,Normal,Calibration drift: sustained deviation from local climatology,False,False,none
2026-09-01 00:00:00,AWS_DELHI,29.4,29.4,978.2,978.2,77.0,77.0,0.10419242103605356,0.21876287718469345,Normal,Data spike: implausible instantaneous jump,False,False,none
2026-09-01 00:00:00,AWS_BLR,21.5,21.5,911.8,911.8,85.0,85.0,0.07741807773664793,0.20537570553499063,Normal,Data spike: implausible instantaneous jump,False,False,none
2026-09-01 00:00:00,AWS_GURGAON,28.7,28.7,977.4,977.4,77.0,77.0,0.06769725809718048,0.03384862904859024,Normal,Localized fault: disagrees with neighboring stations,False,False,none
2026-09-01 01:00:00,AWS_GURGAON,28.5,28.5,976.7,976.7,73.0,73.0,0.04537075989781761,0.022685379948908804,Normal,none,False,False,none
2026-09-01 01:00:00,AWS_JAISALMER,26.3,26.3,976.2,976.2,73.0,73.0,0.026724810795140667,0.013362405397570333,Normal,none,False,False,none
2026-09-01 01:00:00,AWS_DELHI,28.9,28.9,977.6,977.6,78.0,78.0,0.05096770846663885,0.025483854233319427,Normal,Calibration drift: sustained deviation from local climatology,False,False,none
2026-09-01 01:00:00,AWS_BLR,20.8,20.8,911.4,911.4,90.0,90.0,0.059776531564571085,0.029888265782285543,Normal,Data spike: implausible instantaneous jump,False,False,none
2026-09-01 01:00:00,AWS_NOIDA,28.7,28.7,979.3,979.3,82.0,82.0,0.02060527381658468,0.01030263690829234,Normal,Calibration drift: sustained deviation from local climatology,False,False,none
2026-09-01 01:00:00,AWS_SHIMLA,16.9,17.8,806.1,806.8,98.0,96.0,0.26639344585412356,0.29986338959372844,Low,Sensor fault: reading outside physically possible range,True,False,none
2026-09-01 01:00:00,AWS_KOCHI,26.5,26.5,1010.8,1010.8,87.0,87.0,0.010102757517690002,0.005051378758845001,Normal,none,False,False,none
2026-09-01 02:00:00,AWS_SHIMLA,16.9,17.8,805.8,806.8,97.0,96.0,0.2464598754853737,0.2898966044093535,Low,Sensor fault: reading outside physically possible range,True,False,none
2026-09-01 02:00:00,AWS_JAISALMER,25.6,25.6,976.1,976.1,77.0,77.0,0.03601029225781786,0.01800514612890893,Normal,Calibration drift: sustained deviation from local climatology,False,False,none
2026-09-01 02:00:00,AWS_NOIDA,28.2,28.2,979.0,979.0,82.0,82.0,0.026295315362647793,0.013147657681323897,Normal,Calibration drift: sustained deviation from local climatology,False,False,none
2026-09-01 02:00:00,AWS_DELHI,28.4,28.4,977.5,977.5,77.0,77.0,0.040263918611799655,0.020131959305899828,Normal,Calibration drift: sustained deviation from local climatology,False,False,none
2026-09-01 02:00:00,AWS_GURGAON,27.9,27.9,976.6,976.6,75.0,75.0,0.056748560222878816,0.028374280111439408,Normal,Calibration drift: sustained deviation from local climatology,False,False,none
2026-09-01 02:00:00,AWS_BLR,20.3,20.3,911.0,911.0,93.0,93.0,0.02523502709622116,0.01261751354811058,Normal,Calibration drift: sustained deviation from local climatology,False,False,none
2026-09-01 02:00:00,AWS_KOCHI,25.9,25.9,1010.2,1010.2,86.0,86.0,0.05919445488021994,0.02959722744010997,Normal,Data spike: implausible instantaneous jump,False,False,none
2026-09-01 03:00:00,AWS_BLR,19.9,19.9,910.5,910.5,95.0,95.0,0.04034456175080073,0.18683894754206704,Normal,Calibration drift: sustained deviation from local climatology,False,False,none
2026-09-01 03:00:00,AWS_DELHI,28.1,28.1,977.3,977.3,75.0,75.0,0.03922567096425333,0.019612835482126664,Normal,Calibration drift: sustained deviation from local climatology,False,False,none
2026-09-01 03:00:00,AWS_KOCHI,26.0,26.0,1009.8,1009.8,89.0,89.0,0.057906311375510514,0.1956198223544219,Normal,Calibration drift: sustained deviation from local climatology,False,False,none
2026-09-01 03:00:00,AWS_JAISALMER,24.9,24.9,976.1,976.1,81.0,81.0,0.03971431081442033,0.019857155407210166,Normal,Calibration drift: sustained deviation from local climatology,False,False,none
2026-09-01 03:00:00,AWS_GURGAON,27.5,27.5,976.4,976.4,76.0,76.0,0.06125718012175114,0.03062859006087557,Normal,Localized fault: disagrees with neighboring stations,False,False,none
2026-09-01 03:00:00,AWS_NOIDA,28.1,28.1,978.8,978.8,79.0,79.0,0.030330307626307864,0.015165153813153932,Normal,Calibration drift: sustained deviation from local climatology,False,False,none
2026-09-01 03:00:00,AWS_SHIMLA,17.1,17.8,805.7,806.8,94.0,96.0,0.26256842341847125,0.2979508783759023,Low,Sensor fault: reading outside physically possible range,True,False,none
2026-09-01 04:00:00,AWS_GURGAON,27.2,27.2,976.7,976.7,77.0,77.0,0.07835762005640831,0.2058454766948708,Normal,Localized fault: disagrees with neighboring stations,False,False,none
2026-09-01 04:00:00,AWS_NOIDA,27.7,27.7,979.2,979.2,78.0,78.0,0.03714506958744494,0.01857253479372247,Normal,Calibration drift: sustained deviation from local climatology,False,False,none
2026-09-01 04:00:00,AWS_DELHI,27.8,27.8,977.6,977.6,74.0,74.0,0.042295994049782536,0.021147997024891268,Normal,Calibration drift: sustained deviation from local climatology,False,False,none
2026-09-01 04:00:00,AWS_BLR,19.7,19.7,910.5,910.5,96.0,96.0,0.03465094836874652,0.01732547418437326,Normal,Calibration drift: sustained deviation from local climatology,False,False,none
2026-09-01 04:00:00,AWS_SHIMLA,16.9,17.8,805.7,806.9,95.0,95.5,0.2488433993671342,0.2910883663502338,Low,Sensor fault: reading outside physically possible range,True,False,none
2026-09-01 04:00:00,AWS_KOCHI,25.9,25.9,1009.7,1009.7,90.0,90.0,0.0284278783612624,0.18088060584729787,Normal,Calibration drift: sustained deviation from local climatology,False,False,none
2026-09-01 04:00:00,AWS_JAISALMER,24.4,24.4,976.1,976.1,84.0,84.0,0.030199251044559755,0.015099625522279878,Normal,Calibration drift: sustained deviation from local climatology,False,False,none
2026-09-01 05:00:00,AWS_GURGAON,27.6,27.6,976.9,976.9,74.0,74.0,0.04984464771447881,0.024922323857239404,Normal,Calibration drift: sustained deviation from local climatology,False,False,none
2026-09-01 05:00:00,AWS_NOIDA,28.3,28.3,979.2,979.2,73.0,73.0,0.057497851800828836,0.028748925900414418,Normal,Calibration drift: sustained deviation from local climatology,False,False,none
2026-09-01 05:00:00,AWS_BLR,20.1,20.1,910.8,910.8,91.0,91.0,0.04523840006122638,0.02261920003061319,Normal,Calibration drift: sustained deviation from local climatology,False,False,none
2026-09-01 05:00:00,AWS_KOCHI,26.5,26.5,1009.8,1009.8,87.0,87.0,0.06895645121456782,0.20114489227395058,Normal,Data spike: implausible instantaneous jump,False,False,none
2026-09-01 05:00:00,AWS_SHIMLA,17.1,17.8,806.0,807.0,99.0,95.0,0.2675316380760268,0.30043248570468006,Low,Sensor fault: reading outside physically possible range,True,False,none
2026-09-01 05:00:00,AWS_DELHI,28.2,28.2,977.7,977.7,72.0,72.0,0.033537311142373544,0.016768655571186772,Normal,Calibration drift: sustained deviation from local climatology,False,False,none
2026-09-01 05:00:00,AWS_JAISALMER,24.8,24.8,976.4,976.4,84.0,84.0,0.04304731751815902,0.02152365875907951,Normal,Calibration drift: sustained deviation from local climatology,False,False,none
2026-09-01 06:00:00,AWS_BLR,19.8,19.8,911.3,911.3,93.0,93.0,0.03904743216492653,0.019523716082463265,Normal,Calibration drift: sustained deviation from local climatology,False,False,none
2026-09-01 06:00:00,AWS_DELHI,27.7,27.7,978.2,978.2,74.0,74.0,0.05167504038139242,0.02583752019069621,Normal,Calibration drift: sustained deviation from local climatology,False,False,none
2026-09-01 06:00:00,AWS_NOIDA,27.9,27.9,979.8,979.8,75.0,75.0,0.055105410730016124,0.027552705365008062,Normal,Calibration drift: sustained deviation from local climatology,False,False,none
2026-09-01 06:00:00,AWS_GURGAON,27.2,27.2,977.5,977.5,76.0,76.0,0.08621540002384814,0.04310770001192407,Normal,Calibration drift: sustained deviation from local climatology,False,False,none
2026-09-01 06:00:00,AWS_SHIMLA,16.8,17.8,806.1,807.1500000000001,100.0,95.0,0.25882507316331893,0.29607920324832615,Low,Sensor fault: reading outside physically possible range,True,False,none
2026-09-01 06:00:00,AWS_JAISALMER,24.5,24.5,976.6,976.6,85.0,85.0,0.029751643157979922,0.014875821578989961,Normal,Calibration drift: sustained deviation from local climatology,False,False,none
2026-09-01 06:00:00,AWS_KOCHI,26.2,26.2,1010.4,1010.4,89.0,89.0,0.03633134447776592,0.01816567223888296,Normal,Calibration drift: sustained deviation from local climatology,False,False,none
2026-09-01 07:00:00,AWS_KOCHI,-15.061242416778818,26.55,1010.9,1010.65,84.0,87.0,0.25930865782377055,0.6296543289118852,Low,Data spike: implausible instantaneous jump,True,True,communication_dropout
2026-09-01 07:00:00,AWS_NOIDA,28.6,28.6,980.6,980.6,74.0,74.0,0.06906679683083104,0.03453339841541552,Normal,Calibration drift: sustained deviation from local climatology,False,False,none
2026-09-01 07:00:00,AWS_SHIMLA,17.4,17.8,807.1,807.25,99.0,94.5,0.31022782173151703,0.4884472441990918,Low,Sensor fault: reading outside physically possible range,True,False,none
2026-09-01 07:00:00,AWS_GURGAON,28.0,28.0,978.3,978.3,75.0,75.0,0.10730954212809171,0.053654771064045856,Normal,Data spike: implausible instantaneous jump,False,True,frozen_sensor
2026-09-01 07:00:00,AWS_DELHI,28.5,28.5,979.1,979.1,73.0,73.0,0.08583028792915626,0.20958181063124479,Normal,Data spike: implausible instantaneous jump,False,False,none
2026-09-01 07:00:00,AWS_JAISALMER,24.8,24.8,977.1,977.1,82.0,82.0,0.05643576450381184,0.02821788225190592,Normal,Data spike: implausible instantaneous jump,False,False,none
2026-09-01 07:00:00,AWS_BLR,26.840296179047165,22.5,912.3,911.3,3.0817834567939406,87.0,0.40116341389084076,0.7005817069454203,Medium,Data spike: implausible instantaneous jump,True,True,communication_dropout
2026-09-01 08:00:00,AWS_BLR,7.109620614313252,22.5,912.9,911.0,43.671738923236234,90.0,0.32467320283461815,0.6623366014173091,Low,Data spike: implausible instantaneous jump,True,True,communication_dropout
2026-09-01 08:00:00,AWS_GURGAON,29.0,29.0,978.3,978.3,71.0,71.0,0.13217863946554018,0.3994226530661034,Normal,Data spike: implausible instantaneous jump,False,True,frozen_sensor
2026-09-01 08:00:00,AWS_KOCHI,17.12326517427727,26.5,1011.4,1010.8,81.0,87.0,0.18469900282580512,0.5923495014129025,Low,Data spike: implausible instantaneous jump,True,True,communication_dropout
2026-09-01 08:00:00,AWS_DELHI,29.5,29.5,979.6,979.6,69.0,69.0,0.09397046534093732,0.380318566003802,Normal,Calibration drift: sustained deviation from local climatology,False,False,none
2026-09-01 08:00:00,AWS_NOIDA,29.6,29.6,981.2,981.2,70.0,70.0,0.11047936712416048,0.38857301689541357,Normal,Data spike: implausible instantaneous jump,False,False,none
2026-09-01 08:00:00,AWS_JAISALMER,26.1,26.1,977.9,977.9,75.0,75.0,0.0976327553836087,0.3821497110251377,Normal,Data spike: implausible instantaneous jump,False,False,none
2026-09-01 08:00:00,AWS_SHIMLA,18.4,17.85,807.9,807.5999999999999,94.0,94.0,0.3293918311098045,0.4980292488882356,Low,Sensor fault: reading outside physically possible range,True,False,none
2026-09-01 09:00:00,AWS_GURGAON,30.3,28.6,978.3,977.7,66.0,73.0,0.16686780994325698,0.4167672383049618,Low,Data spike: implausible instantaneous jump,True,True,frozen_sensor
2026-09-01 09:00:00,AWS_DELHI,30.8,30.8,980.0,980.0,65.0,65.0,0.12579858184695034,0.3962326242568085,Normal,Data spike: implausible instantaneous jump,False,False,none
2026-09-01 09:00:00,AWS_SHIMLA,19.9,18.15,808.9,808.2,83.0,88.5,0.4060625402489653,0.7030312701244826,Medium,Sensor fault: reading outside physically possible range,True,True,frozen_sensor
2026-09-01 09:00:00,AWS_NOIDA,30.8,30.8,981.7,981.7,67.0,67.0,0.10587594123346522,0.3862713039500659,Normal,Calibration drift: sustained deviation from local climatology,False,False,none
2026-09-01 09:00:00,AWS_JAISALMER,27.7,27.7,978.4,978.4,66.0,66.0,0.10353415342223293,0.3851004100444498,Normal,Data spike: implausible instantaneous jump,False,False,none
2026-09-01 09:00:00,AWS_KOCHI,1.6262425703192274,26.5,1011.8,1010.5999999999999,79.0,87.0,0.21821542583078252,0.6091077129153912,Low,Data spike: implausible instantaneous jump,True,True,communication_dropout
2026-09-01 09:00:00,AWS_BLR,26.523610648118883,22.5,901.2,910.8,56.45846728195292,91.0,0.4113228781743804,0.7056614390871903,Medium,Data spike: implausible instantaneous jump,True,True,multivariate_inconsistency
2026-09-01 10:00:00,AWS_NOIDA,32.0,32.0,981.9,981.9,63.0,63.0,0.10343314383979099,0.3850499052532288,Normal,Calibration drift: sustained deviation from local climatology,False,False,none
2026-09-01 10:00:00,AWS_KOCHI,-35.0745880072406,26.5,1011.9,1010.4,77.0,87.0,0.266819001146128,0.633409500573064,Low,Data spike: implausible instantaneous jump,True,True,communication_dropout
2026-09-01 10:00:00,AWS_DELHI,32.1,32.1,980.3,980.3,60.0,60.0,0.12281846120290607,0.39474256393478635,Normal,Calibration drift: sustained deviation from local climatology,False,False,none
2026-09-01 10:00:00,AWS_GURGAON,31.6,28.6,978.3,977.7,62.0,71.0,0.1592496758845201,0.41295817127559337,Low,Data spike: implausible instantaneous jump,True,True,frozen_sensor
2026-09-01 10:00:00,AWS_JAISALMER,29.0,29.0,978.6,978.6,62.0,62.0,0.06349865049690172,0.19841599191511752,Normal,Calibration drift: sustained deviation from local climatology,False,False,none
2026-09-01 10:00:00,AWS_BLR,46.499885741602554,22.0,901.5,910.65,75.85286437246361,91.0,0.3008576174060575,0.6504288087030288,Low,Data spike: implausible instantaneous jump,True,True,multivariate_inconsistency
2026-09-01 10:00:00,AWS_SHIMLA,21.2,18.15,809.7,808.6,83.0,83.0,0.36834254950318657,0.6841712747515933,Low,Sensor fault: reading outside physically possible range,True,True,frozen_sensor
2026-09-01 11:00:00,AWS_NOIDA,32.4,32.4,982.2,982.2,59.0,59.0,0.07828895353303329,0.2058111434331833,Normal,Calibration drift: sustained deviation from local climatology,False,False,none
2026-09-01 11:00:00,AWS_JAISALMER,30.6,30.6,978.6,978.6,56.0,56.0,0.07441121744750165,0.20387227539041747,Normal,Calibration drift: sustained deviation from local climatology,False,False,none
2026-09-01 11:00:00,AWS_GURGAON,32.2,32.2,978.3,978.3,56.0,56.0,0.11314200918989355,0.3899043379282801,Normal,Calibration drift: sustained deviation from local climatology,False,True,frozen_sensor
2026-09-01 11:00:00,AWS_DELHI,32.6,32.6,980.4,980.4,55.0,55.0,0.12304721952154091,0.3948569430941038,Normal,Calibration drift: sustained deviation from local climatology,False,False,none
2026-09-01 11:00:00,AWS_KOCHI,-2.6385861540428412,26.5,1011.4,1010.4,76.0,87.0,0.2192313740681705,0.6096156870340852,Low,Data spike: implausible instantaneous jump,True,True,communication_dropout
2026-09-01 11:00:00,AWS_SHIMLA,22.4,18.436713225401316,810.4,808.8,83.0,83.0,0.36732971739686304,0.6836648586984315,Low,Sensor fault: reading outside physically possible range,True,True,frozen_sensor
2026-09-01 11:00:00,AWS_BLR,33.47183200005908,21.5,901.5,910.5,100.0,91.0,0.2524145486775827,0.6262072743387913,Low,Data spike: implausible instantaneous jump,True,True,multivariate_inconsistency
2026-09-01 12:00:00,AWS_BLR,25.357940065799582,21.15,900.9,910.5,58.39394858653407,92.0,0.26422486246442384,0.632112431232212,Low,Data spike: implausible instantaneous jump,True,True,multivariate_inconsistency
2026-09-01 12:00:00,AWS_JAISALMER,32.0,32.0,978.1,978.1,51.0,51.0,0.06507740495884987,0.1992053691460916,Normal,Calibration drift: sustained deviation from local climatology,False,False,none
2026-09-01 12:00:00,AWS_GURGAON,32.6,32.6,978.3,978.3,55.0,55.0,0.09429619861325486,0.38048143263996076,Normal,Localized fault: disagrees with neighboring stations,False,True,frozen_sensor
2026-09-01 12:00:00,AWS_DELHI,33.4,33.4,980.1,980.1,52.0,52.0,0.11426073818246557,0.3904637024245661,Normal,Calibration drift: sustained deviation from local climatology,False,False,none
2026-09-01 12:00:00,AWS_KOCHI,12.375294871763723,26.35,1011.0,1010.3,77.0,88.0,0.1746282369821114,0.2539807851577224,Low,Data spike: implausible instantaneous jump,True,True,communication_dropout
2026-09-01 12:00:00,AWS_SHIMLA,21.8,18.58671322540132,809.9,809.25,83.0,83.0,0.28167604094591997,0.47417135380629327,Low,Sensor fault: reading outside physically possible range,True,True,frozen_sensor
2026-09-01 12:00:00,AWS_NOIDA,33.1,33.1,981.7,981.7,56.0,56.0,0.06688340004572335,0.20010836668952833,Normal,Calibration drift: sustained deviation from local climatology,False,False,none
2026-09-01 13:00:00,AWS_JAISALMER,33.1,33.1,977.5,977.5,48.0,48.0,0.06826132781080348,0.2007973305720684,Normal,Calibration drift: sustained deviation from local climatology,False,False,none
2026-09-01 13:00:00,AWS_GURGAON,33.4,33.4,978.7,978.7,53.0,53.0,0.11835773994738534,0.22584553664035933,Normal,Calibration drift: sustained deviation from local climatology,False,False,none
2026-09-01 13:00:00,AWS_KOCHI,-29.832809709628403,26.35,1010.4,1010.3,77.0,89.0,0.2515557381814871,0.6257778690907435,Low,Data spike: implausible instantaneous jump,True,True,communication_dropout
2026-09-01 13:00:00,AWS_NOIDA,32.6,32.6,981.1,981.1,58.0,58.0,0.06469974001423567,0.03234987000711784,Normal,Calibration drift: sustained deviation from local climatology,False,False,none
2026-09-01 13:00:00,AWS_BLR,33.191281972550726,20.8,900.0,910.5,85.0,93.0,0.2553946565047145,0.6276973282523572,Low,Data spike: implausible instantaneous jump,True,True,multivariate_inconsistency
2026-09-01 13:00:00,AWS_SHIMLA,21.0,18.58671322540132,809.6,809.6500000000001,83.0,83.0,0.27710067781819775,0.4718836722424322,Low,Sensor fault: reading outside physically possible range,True,True,frozen_sensor
2026-09-01 13:00:00,AWS_DELHI,34.3,29.5,979.3,979.1,49.0,72.0,0.15984300138656096,0.4132548340266138,Low,Unclassified multivariate anomaly (novel pattern flagged by ML),True,False,none
2026-09-01 14:00:00,AWS_NOIDA,30.6,28.5,981.0,981.2,73.0,75.0,0.19854267536565123,0.43260467101615896,Low,Data spike: implausible instantaneous jump,True,False,none
2026-09-01 14:00:00,AWS_DELHI,33.6,33.6,979.1,979.1,52.0,52.0,0.08238889294688082,0.20786111314010708,Normal,Unclassified multivariate anomaly (novel pattern flagged by ML),False,False,none
2026-09-01 14:00:00,AWS_GURGAON,33.4,33.4,978.1,978.1,52.0,52.0,0.09239154600981689,0.2128624396715751,Normal,Calibration drift: sustained deviation from local climatology,False,False,none
2026-09-01 14:00:00,AWS_BLR,39.01136161266914,27.032061395122433,899.3,905.95,86.0,93.0,0.22018047444143402,0.610090237220717,Low,Data spike: implausible instantaneous jump,True,True,multivariate_inconsistency
2026-09-01 14:00:00,AWS_SHIMLA,18.7,18.58671322540132,808.7,809.8,83.0,83.0,0.3326694359043584,0.4996680512855125,Low,Sensor fault: reading outside physically possible range,True,True,frozen_sensor
2026-09-01 14:00:00,AWS_KOCHI,43.34585537885597,26.2,1009.8,1010.3,79.0,89.5,0.2127373310606828,0.6063686655303414,Low,Data spike: implausible instantaneous jump,True,True,communication_dropout
2026-09-01 14:00:00,AWS_JAISALMER,33.8,33.8,977.0,977.0,45.0,45.0,0.04853978758475753,0.19093656045904542,Normal,Calibration drift: sustained deviation from local climatology,False,False,none
2026-09-01 15:00:00,AWS_BLR,37.43502963062567,37.43502963062567,899.1,899.1,86.0,86.0,0.07888896455835451,0.20611114894584392,Normal,Calibration drift: sustained deviation from local climatology,False,True,multivariate_inconsistency
2026-09-01 15:00:00,AWS_SHIMLA,19.6,18.58671322540132,808.5,810.15,83.0,83.0,0.25204341937337943,0.29268837635335637,Low,Sensor fault: reading outside physically possible range,True,True,frozen_sensor
2026-09-01 15:00:00,AWS_DELHI,31.7,31.7,978.9,978.9,61.0,61.0,0.1299255202453357,0.39829609345600114,Normal,Data spike: implausible instantaneous jump,False,False,none
2026-09-01 15:00:00,AWS_NOIDA,31.4,31.4,980.5,980.5,69.0,69.0,0.05363189737427258,0.02681594868713629,Normal,Calibration drift: sustained deviation from local climatology,False,False,none
2026-09-01 15:00:00,AWS_GURGAON,33.1,33.1,977.7,977.7,53.0,53.0,0.07549221735677077,0.20441277534505203,Normal,Calibration drift: sustained deviation from local climatology,False,False,none
2026-09-01 15:00:00,AWS_JAISALMER,34.2,34.2,976.5,976.5,45.0,45.0,0.039499467902015736,0.18641640061767453,Normal,Calibration drift: sustained deviation from local climatology,False,False,none
2026-09-01 15:00:00,AWS_KOCHI,-34.80381335348957,26.2,1009.7,1010.75,81.0,90.5,0.266207742852365,0.6331038714261825,Low,Data spike: implausible instantaneous jump,True,True,communication_dropout
2026-09-01 16:00:00,AWS_SHIMLA,19.5,18.58671322540132,1050.641384338969,857.8099552884023,83.0,83.0,0.3003861115274176,0.6501930557637088,Low,Data spike: implausible instantaneous jump,True,True,frozen_sensor
2026-09-01 16:00:00,AWS_JAISALMER,33.9,33.9,976.2,976.2,46.0,46.0,0.035280711432937546,0.18430702238313543,Normal,Calibration drift: sustained deviation from local climatology,False,False,none
2026-09-01 16:00:00,AWS_KOCHI,52.48418690180621,26.2,1009.9,1011.0,84.0,92.0,0.2308822458083755,0.6154411229041877,Low,Data spike: implausible instantaneous jump,True,True,communication_dropout
2026-09-01 16:00:00,AWS_GURGAON,30.5,28.4,977.8,978.3,69.0,69.0,0.18249835199512907,0.2579158426642312,Low,Data spike: implausible instantaneous jump,True,True,frozen_sensor
2026-09-01 16:00:00,AWS_NOIDA,30.1,30.1,980.5,980.5,75.0,75.0,0.057389552410940584,0.028694776205470292,Normal,Data spike: implausible instantaneous jump,False,False,none
2026-09-01 16:00:00,AWS_DELHI,32.1,32.1,978.7,978.7,59.0,59.0,0.0932484510182611,0.21329089217579722,Normal,Localized fault: disagrees with neighboring stations,False,False,none
2026-09-01 16:00:00,AWS_BLR,37.232795369982846,37.232795369982846,898.8,898.8,91.0,91.0,0.07803137982918151,0.20568235658125741,Normal,Calibration drift: sustained deviation from local climatology,False,True,multivariate_inconsistency
2026-09-01 17:00:00,AWS_NOIDA,31.1,31.1,980.3,980.3,75.0,75.0,0.020051708132364343,0.010025854066182172,Normal,none,False,False,none
2026-09-01 17:00:00,AWS_GURGAON,30.3,30.3,977.7,977.7,69.0,69.0,0.028399864345642657,0.014199932172821329,Normal,none,False,True,frozen_sensor
2026-09-01 17:00:00,AWS_JAISALMER,33.5,33.5,976.3,976.3,47.0,47.0,0.034561835320443414,0.017280917660221707,Normal,Calibration drift: sustained deviation from local climatology,False,False,none
2026-09-01 17:00:00,AWS_SHIMLA,17.9,18.58671322540132,919.1555157368489,910.7496207169743,83.0,83.0,0.2680853723682291,0.6340426861841145,Low,Data spike: implausible instantaneous jump,True,True,frozen_sensor
2026-09-01 17:00:00,AWS_BLR,34.28782428970568,34.28782428970568,899.3,899.3,87.0,87.0,0.07094689216337446,0.2021401127483539,Normal,Calibration drift: sustained deviation from local climatology,False,True,multivariate_inconsistency
2026-09-01 17:00:00,AWS_DELHI,31.7,31.7,978.7,978.7,64.0,64.0,0.06579428027744211,0.032897140138721054,Normal,Localized fault: disagrees with neighboring stations,False,False,none
2026-09-01 17:00:00,AWS_KOCHI,-30.08868584201245,26.2,1009.7,1011.0,80.0,92.5,0.25700176113655676,0.6285008805682784,Low,Data spike: implausible instantaneous jump,True,True,communication_dropout
2026-09-01 18:00:00,AWS_KOCHI,44.357495159775276,26.2,1010.7,1011.0,83.0,92.5,0.20737952382274077,0.43702309524470373,Low,Data spike: implausible instantaneous jump,True,True,communication_dropout
2026-09-01 18:00:00,AWS_GURGAON,29.8,29.8,978.4,978.4,69.0,69.0,0.09138020461361368,0.2123567689734735,Normal,Data spike: implausible instantaneous jump,False,True,frozen_sensor
2026-09-01 18:00:00,AWS_DELHI,31.6,31.6,979.2,979.2,62.0,62.0,0.12654070103785658,0.22993701718559495,Normal,Localized fault: disagrees with neighboring stations,False,False,none
2026-09-01 18:00:00,AWS_SHIMLA,23.303796192214033,18.58671322540132,1079.838851485363,910.7496207169743,83.0,83.0,0.3503367700707405,0.6751683850353702,Low,Data spike: implausible instantaneous jump,True,True,frozen_sensor
2026-09-01 18:00:00,AWS_JAISALMER,32.2,32.2,976.7,976.7,53.0,53.0,0.04738024622901332,0.02369012311450666,Normal,Calibration drift: sustained deviation from local climatology,False,False,none
2026-09-01 18:00:00,AWS_NOIDA,29.4,29.4,981.0,981.0,82.0,82.0,0.07097643652697444,0.03548821826348722,Normal,Calibration drift: sustained deviation from local climatology,False,False,none
2026-09-01 18:00:00,AWS_BLR,39.317591899451315,35.699496015710736,899.9,899.95,96.0,92.0,0.2158940030555642,0.6079470015277821,Low,Data spike: implausible instantaneous jump,True,True,multivariate_inconsistency
2026-09-01 19:00:00,AWS_NOIDA,28.5,28.5,981.7,981.7,88.0,88.0,0.07177227753557495,0.20255280543445414,Normal,Calibration drift: sustained deviation from local climatology,False,False,none
2026-09-01 19:00:00,AWS_BLR,37.11116774171579,37.11116774171579,900.6,900.6,100.0,100.0,0.08206037604297751,0.3743635213548221,Normal,Calibration drift: sustained deviation from local climatology,False,True,multivariate_inconsistency
2026-09-01 19:00:00,AWS_SHIMLA,18.473426450802634,18.58671322540132,1019.8232524991766,910.7496207169743,83.0,83.0,0.3364621336001617,0.6682310668000808,Low,Data spike: implausible instantaneous jump,True,True,frozen_sensor
2026-09-01 19:00:00,AWS_GURGAON,28.6,28.6,979.0,979.0,69.0,69.0,0.08825197223594222,0.3774593194513044,Normal,Data spike: implausible instantaneous jump,False,True,frozen_sensor
2026-09-01 19:00:00,AWS_DELHI,30.7,29.5,980.1,980.0,67.0,73.0,0.1849278265385864,0.5924639132692932,Low,Localized fault: disagrees with neighboring stations,True,False,none
2026-09-01 19:00:00,AWS_KOCHI,50.26531439276171,26.2,1011.7,1011.0,86.0,92.5,0.1942112186998678,0.5971056093499338,Low,Data spike: implausible instantaneous jump,True,True,communication_dropout
2026-09-01 19:00:00,AWS_JAISALMER,30.4,30.4,977.3,977.3,60.0,60.0,0.041306630500051164,0.020653315250025582,Normal,Calibration drift: sustained deviation from local climatology,False,False,none
2026-09-01 20:00:00,AWS_GURGAON,28.4,28.4,979.9,979.9,69.0,69.0,0.11091185945451867,0.38878926306059264,Normal,Calibration drift: sustained deviation from local climatology,False,True,frozen_sensor
2026-09-01 20:00:00,AWS_BLR,33.76412279024487,33.76412279024487,901.4,901.4,100.0,100.0,0.07760640614960734,0.372136536408137,Normal,Calibration drift: sustained deviation from local climatology,False,True,multivariate_inconsistency
2026-09-01 20:00:00,AWS_JAISALMER,29.7,29.7,978.0,978.0,62.0,62.0,0.044076963751557896,0.022038481875778948,Normal,Calibration drift: sustained deviation from local climatology,False,False,none
2026-09-01 20:00:00,AWS_NOIDA,28.4,28.4,982.7,982.7,89.0,89.0,0.13715249591540582,0.5685762479577029,Normal,Calibration drift: sustained deviation from local climatology,False,False,none
2026-09-01 20:00:00,AWS_DELHI,29.9,29.5,981.1,980.1,73.0,76.0,0.18399208396528471,0.5919960419826423,Low,Data spike: implausible instantaneous jump,True,False,none
2026-09-01 20:00:00,AWS_SHIMLA,20.586335943373616,19.1,1017.0225028005834,910.7496207169743,83.0,83.0,0.25553014372295074,0.6277650718614753,Low,Calibration drift: sustained deviation from local climatology,True,True,frozen_sensor
2026-09-01 20:00:00,AWS_KOCHI,57.95706805865927,26.2,1012.6,1011.1,87.0,92.0,0.20552748289126394,0.6027637414456319,Low,Data spike: implausible instantaneous jump,True,True,communication_dropout
2026-09-01 21:00:00,AWS_GURGAON,28.4,28.4,980.4,980.4,69.0,69.0,0.06815644566452217,0.20074488949892774,Normal,Calibration drift: sustained deviation from local climatology,False,True,frozen_sensor
2026-09-01 21:00:00,AWS_JAISALMER,28.9,28.9,978.6,978.6,64.0,64.0,0.044204348110858174,0.18876884072209574,Normal,Calibration drift: sustained deviation from local climatology,False,False,none
2026-09-01 21:00:00,AWS_BLR,37.80896482787213,37.11116774171579,901.9,899.3,100.0,91.0,0.1957997920904105,0.5978998960452052,Low,Data spike: implausible instantaneous jump,True,True,multivariate_inconsistency
2026-09-01 21:00:00,AWS_NOIDA,28.4,28.4,983.0,983.0,90.0,90.0,0.09422695731969619,0.3804468119931814,Normal,Calibration drift: sustained deviation from local climatology,False,False,none
2026-09-01 21:00:00,AWS_DELHI,29.5,29.5,981.5,981.5,76.0,76.0,0.09901714827223766,0.2161752408027855,Normal,Calibration drift: sustained deviation from local climatology,False,False,none
2026-09-01 21:00:00,AWS_SHIMLA,14.516225353912823,19.1,916.2793308571439,910.7496207169743,83.0,83.0,0.3469484886735622,0.6734742443367812,Low,Data spike: implausible instantaneous jump,True,True,frozen_sensor
2026-09-01 21:00:00,AWS_KOCHI,40.202588027359354,26.2,1013.2,1011.25,89.0,92.0,0.18804190019785585,0.594020950098928,Low,Data spike: implausible instantaneous jump,True,True,communication_dropout
2026-09-01 22:00:00,AWS_NOIDA,27.9,27.9,983.1,983.1,94.0,94.0,0.07681306997978665,0.20507320165655998,Normal,Calibration drift: sustained deviation from local climatology,False,False,none
2026-09-01 22:00:00,AWS_BLR,33.77003736900818,37.11116774171579,902.3,899.3,72.0459706034869,91.0,0.19995285219149167,0.5999764260957459,Low,Data spike: implausible instantaneous jump,True,True,multivariate_inconsistency
2026-09-01 22:00:00,AWS_GURGAON,28.1,28.1,980.5,980.5,69.0,69.0,0.060615876391224614,0.19697460486227897,Normal,Calibration drift: sustained deviation from local climatology,False,True,frozen_sensor
2026-09-01 22:00:00,AWS_SHIMLA,19.855054759864842,18.58671322540132,1061.4660118013926,910.7496207169743,83.0,83.0,0.4131045924414111,0.7065522962207056,Medium,Data spike: implausible instantaneous jump,True,True,calibration_drift
2026-09-01 22:00:00,AWS_KOCHI,37.94775407713289,37.94775407713289,1013.6,1013.6,91.0,91.0,0.05051943654801881,0.19192638494067607,Normal,Calibration drift: sustained deviation from local climatology,False,True,communication_dropout
2026-09-01 22:00:00,AWS_DELHI,29.2,29.2,981.5,981.5,80.0,80.0,0.10222840392206091,0.38444753529436376,Normal,Calibration drift: sustained deviation from local climatology,False,False,none
2026-09-01 22:00:00,AWS_JAISALMER,28.5,28.5,978.6,978.6,65.0,65.0,0.02948667219139031,0.1814100027623618,Normal,Calibration drift: sustained deviation from local climatology,False,False,none
2026-09-01 23:00:00,AWS_NOIDA,26.0,26.0,983.0,983.0,95.0,95.0,0.10320073694721514,0.21826703514027423,Normal,Calibration drift: sustained deviation from local climatology,False,False,none
2026-09-01 23:00:00,AWS_KOCHI,26.9,26.2,1012.8,1011.5999999999999,90.0,92.0,0.16227990929348768,0.2478066213134105,Low,Data spike: implausible instantaneous jump,True,False,none
2026-09-01 23:00:00,AWS_SHIMLA,20.773886223956154,18.58671322540132,905.2199105768045,910.7496207169743,82.65217391304348,83.0,0.28176855213999263,0.6408842760699963,Low,Data spike: implausible instantaneous jump,True,True,calibration_drift
2026-09-01 23:00:00,AWS_BLR,28.862830148467047,37.171981555849314,901.5,899.95,81.95558112758079,95.5,0.18959149260300914,0.4281290796348379,Low,Data spike: implausible instantaneous jump,True,True,multivariate_inconsistency
2026-09-01 23:00:00,AWS_GURGAON,27.0,27.0,980.0,980.0,69.0,69.0,0.08332410895080093,0.20832872114206713,Normal,Calibration drift: sustained deviation from local climatology,False,True,frozen_sensor
2026-09-01 23:00:00,AWS_JAISALMER,28.4,28.4,978.3,978.3,65.0,65.0,0.026150124681736376,0.17974172900753485,Normal,Calibration drift: sustained deviation from local climatology,False,False,none
2026-09-01 23:00:00,AWS_DELHI,27.3,27.3,981.0,981.0,82.0,82.0,0.11693523122508981,0.39180094894587825,Normal,Calibration drift: sustained deviation from local climatology,False,False,none
2026-09-02 00:00:00,AWS_GURGAON,27.0,27.0,979.5,979.5,69.0,69.0,0.07212614431336399,0.20272973882334866,Normal,Calibration drift: sustained deviation from local climatology,False,True,frozen_sensor
2026-09-02 00:00:00,AWS_SHIMLA,17.331512080548674,18.23669516476216,943.3490504474065,910.7496207169743,82.30434782608695,83.0,0.23232695543207804,0.616163477716039,Low,Data spike: implausible instantaneous jump,True,True,calibration_drift
2026-09-02 00:00:00,AWS_DELHI,27.2,27.2,980.6,980.6,84.0,84.0,0.051415627621040884,0.1923744804771871,Normal,Calibration drift: sustained deviation from local climatology,False,False,none
2026-09-02 00:00:00,AWS_NOIDA,25.5,25.5,982.4,982.4,97.0,97.0,0.07787322921557284,0.20560328127445307,Normal,Calibration drift: sustained deviation from local climatology,False,False,none
2026-09-02 00:00:00,AWS_KOCHI,26.5,26.5,1012.3,1012.3,93.0,93.0,0.04167263760965411,0.020836318804827055,Normal,Calibration drift: sustained deviation from local climatology,False,False,none
2026-09-02 00:00:00,AWS_BLR,33.17500313632999,37.171981555849314,900.9,899.95,53.94713590842857,95.5,0.21441351689049076,0.6072067584452454,Low,Data spike: implausible instantaneous jump,True,True,multivariate_inconsistency
2026-09-02 00:00:00,AWS_JAISALMER,27.9,27.9,978.4,978.4,66.0,66.0,0.026397929990981266,0.1798656316621573,Normal,Calibration drift: sustained deviation from local climatology,False,False,none
2026-09-02 01:00:00,AWS_BLR,27.564469596684003,37.11116774171579,900.2,900.6,47.99215053354716,91.0,0.1944200316503916,0.5972100158251958,Low,Data spike: implausible instantaneous jump,True,True,multivariate_inconsistency
2026-09-02 01:00:00,AWS_GURGAON,26.9,26.9,979.3,979.3,69.0,69.0,0.14177601312008287,0.4042213398933747,Normal,Localized fault: disagrees with neighboring stations,False,True,frozen_sensor
2026-09-02 01:00:00,AWS_NOIDA,25.5,25.5,981.9,981.9,96.0,96.0,0.07610922673586942,0.20472128003460138,Normal,Calibration drift: sustained deviation from local climatology,False,False,none
2026-09-02 01:00:00,AWS_DELHI,26.5,26.5,980.4,980.4,88.0,88.0,0.058538058355327285,0.1959356958443303,Normal,Calibration drift: sustained deviation from local climatology,False,False,none
2026-09-02 01:00:00,AWS_KOCHI,26.2,26.2,1011.8,1011.8,94.0,94.0,0.0300493961945311,0.01502469809726555,Normal,Calibration drift: sustained deviation from local climatology,False,True,frozen_sensor
2026-09-02 01:00:00,AWS_SHIMLA,17.237603570794786,18.105481904780206,925.7439375299944,910.7496207169743,81.95652173913044,83.0,0.20592145856978422,0.43629406261822545,Low,Data spike: implausible instantaneous jump,True,True,calibration_drift
2026-09-02 01:00:00,AWS_JAISALMER,27.2,27.2,978.6,978.6,69.0,69.0,0.04162052548321123,0.18747692940827226,Normal,Calibration drift: sustained deviation from local climatology,False,False,none
2026-09-02 02:00:00,AWS_JAISALMER,26.6,26.6,978.6,978.6,71.0,71.0,0.0317479603528427,0.18254064684308802,Normal,Calibration drift: sustained deviation from local climatology,False,False,none
2026-09-02 02:00:00,AWS_KOCHI,26.2,26.2,1011.1,1011.1,93.0,93.0,0.036438668173127464,0.018219334086563732,Normal,Calibration drift: sustained deviation from local climatology,False,True,frozen_sensor
2026-09-02 02:00:00,AWS_GURGAON,26.3,28.4,978.8,979.3,69.0,69.0,0.1946344864114585,0.5973172432057292,Low,Localized fault: disagrees with neighboring stations,True,True,frozen_sensor
2026-09-02 02:00:00,AWS_SHIMLA,17.2813729571269,18.105481904780206,1039.8182293245993,910.7496207169743,81.6086956521739,83.0,0.30077617185197014,0.6503880859259851,Low,Data spike: implausible instantaneous jump,True,True,calibration_drift
2026-09-02 02:00:00,AWS_BLR,34.21380120522909,37.11116774171579,899.7,900.6,82.57049262259338,91.0,0.2207273392999851,0.6103636696499926,Low,Data spike: implausible instantaneous jump,True,True,multivariate_inconsistency
2026-09-02 02:00:00,AWS_NOIDA,25.6,25.6,981.4,981.4,96.0,96.0,0.05202441612063126,0.19267887472698228,Normal,Calibration drift: sustained deviation from local climatology,False,False,none
2026-09-02 02:00:00,AWS_DELHI,26.1,26.1,979.7,979.7,91.0,91.0,0.08144001965489035,0.20738667649411183,Normal,Calibration drift: sustained deviation from local climatology,False,False,none
2026-09-02 03:00:00,AWS_DELHI,26.1,26.1,979.5,979.5,91.0,91.0,0.05927074046595544,0.19630203689964437,Normal,Calibration drift: sustained deviation from local climatology,False,False,none
2026-09-02 03:00:00,AWS_JAISALMER,25.9,25.9,978.3,978.3,74.0,74.0,0.035919226743992574,0.017959613371996287,Normal,Calibration drift: sustained deviation from local climatology,False,False,none
2026-09-02 03:00:00,AWS_NOIDA,25.5,25.5,981.3,981.3,97.0,97.0,0.04854649727250697,0.19093991530292015,Normal,Calibration drift: sustained deviation from local climatology,False,False,none
2026-09-02 03:00:00,AWS_BLR,30.00029635605499,37.11116774171579,899.7,900.6,57.69093490508841,91.0,0.1871940301951737,0.5935970150975869,Low,Data spike: implausible instantaneous jump,True,True,multivariate_inconsistency
2026-09-02 03:00:00,AWS_SHIMLA,12.846618941042474,18.105481904780206,935.6767608983216,910.7496207169743,81.26086956521739,82.82608695652175,0.2960542164164232,0.6480271082082116,Low,Data spike: implausible instantaneous jump,True,True,calibration_drift
2026-09-02 03:00:00,AWS_KOCHI,26.2,26.2,1010.9,1010.9,94.0,94.0,0.027695324733608577,0.013847662366804288,Normal,Calibration drift: sustained deviation from local climatology,False,True,frozen_sensor
2026-09-02 03:00:00,AWS_GURGAON,25.8,28.4,978.5,979.4,69.0,69.0,0.21031473914151166,0.6051573695707558,Low,Localized fault: disagrees with neighboring stations,True,True,frozen_sensor
2026-09-02 04:00:00,AWS_GURGAON,25.7,28.4,978.6,979.5,69.0,69.0,0.2307469711542194,0.6153734855771097,Low,Sensor fault: value frozen (stuck sensor / comms cache),True,True,frozen_sensor
2026-09-02 04:00:00,AWS_JAISALMER,50.4,32.2,978.6,978.5,76.0,65.0,0.24511751826279105,0.6225587591313955,Low,Data spike: implausible instantaneous jump,True,True,spike
2026-09-02 04:00:00,AWS_SHIMLA,15.609885279038588,18.105481904780206,1063.9148808835594,910.7496207169743,80.91304347826087,82.47826086956522,0.32362545688284006,0.66181272844142,Low,Data spike: implausible instantaneous jump,True,True,calibration_drift
2026-09-02 04:00:00,AWS_DELHI,26.2,26.2,979.6,979.6,91.0,91.0,0.06302567762441523,0.19817950547887428,Normal,Calibration drift: sustained deviation from local climatology,False,False,none
2026-09-02 04:00:00,AWS_BLR,29.06055054581896,34.28782428970568,899.4,901.4,100.0,91.0,0.22119646341665788,0.6105982317083289,Low,Data spike: implausible instantaneous jump,True,True,multivariate_inconsistency
2026-09-02 04:00:00,AWS_KOCHI,26.2,26.2,1010.6,1010.6,92.0,92.0,0.02123297032016223,0.010616485160081115,Normal,Calibration drift: sustained deviation from local climatology,False,True,frozen_sensor
2026-09-02 04:00:00,AWS_NOIDA,25.4,25.4,981.4,981.4,97.0,97.0,0.05030391453132728,0.1918186239323303,Normal,Calibration drift: sustained deviation from local climatology,False,False,none
2026-09-02 05:00:00,AWS_BLR,27.576281822384235,34.025973539975276,899.7,901.95,78.71519188723308,93.5,0.18302158428808804,0.4248441254773773,Low,Data spike: implausible instantaneous jump,True,True,multivariate_inconsistency
2026-09-02 05:00:00,AWS_GURGAON,24.8,28.4,978.8,979.5,69.0,69.0,0.2859159915993063,0.6429579957996532,Low,Sensor fault: value frozen (stuck sensor / comms cache),True,True,frozen_sensor
2026-09-02 05:00:00,AWS_SHIMLA,15.789909870190563,18.105481904780206,807.2,858.2099552884023,80.56521739130434,82.13043478260869,0.5699463140317167,0.7849731570158583,Medium,Sensor fault: reading outside physically possible range,True,True,calibration_drift
2026-09-02 05:00:00,AWS_NOIDA,24.7,24.7,981.6,981.6,93.0,93.0,0.06743169831136515,0.20038251582234923,Normal,Calibration drift: sustained deviation from local climatology,False,False,none
2026-09-02 05:00:00,AWS_JAISALMER,50.3,50.3,978.5,978.5,78.0,78.0,0.0931127041345858,0.21322301873395955,Normal,Calibration drift: sustained deviation from local climatology,False,True,spike
2026-09-02 05:00:00,AWS_DELHI,26.1,26.1,980.1,980.1,91.0,91.0,0.0861933984095638,0.37643003253811524,Normal,Calibration drift: sustained deviation from local climatology,False,False,none
2026-09-02 05:00:00,AWS_KOCHI,26.2,26.2,1010.6,1010.6,92.0,92.0,0.019063309804001824,0.009531654902000912,Normal,Calibration drift: sustained deviation from local climatology,False,True,frozen_sensor
2026-09-02 06:00:00,AWS_GURGAON,25.0,28.25,979.3,979.7,69.0,69.0,0.28429147368128377,0.6421457368406419,Low,Sensor fault: value frozen (stuck sensor / comms cache),True,True,frozen_sensor
2026-09-02 06:00:00,AWS_SHIMLA,17.93357545741398,18.342213190820676,807.8,811.1500000000001,96.21739130434783,82.13043478260869,0.39587047534658665,0.5312685710066266,Low,Sensor fault: reading outside physically possible range,True,True,calibration_drift
2026-09-02 06:00:00,AWS_KOCHI,26.2,26.2,1010.8,1010.8,92.0,92.0,0.018599286693720487,0.009299643346860243,Normal,Calibration drift: sustained deviation from local climatology,False,True,frozen_sensor
2026-09-02 06:00:00,AWS_DELHI,26.2,26.2,980.6,980.6,90.0,90.0,0.08194687362925998,0.3743067701479633,Normal,Calibration drift: sustained deviation from local climatology,False,False,none
2026-09-02 06:00:00,AWS_BLR,34.990165354696124,33.76412279024487,900.0,902.5,100.0,100.0,0.2059599711725243,0.6029799855862621,Low,Data spike: implausible instantaneous jump,True,True,multivariate_inconsistency
2026-09-02 06:00:00,AWS_JAISALMER,49.7,49.7,978.7,978.7,81.0,81.0,0.09876429732812175,0.21604881533072753,Normal,Calibration drift: sustained deviation from local climatology,False,True,spike
2026-09-02 06:00:00,AWS_NOIDA,24.9,24.9,982.1,982.1,96.0,96.0,0.07178255281489121,0.20255794307411226,Normal,Calibration drift: sustained deviation from local climatology,False,False,none
2026-09-02 07:00:00,AWS_DELHI,26.5,26.5,980.7,980.7,86.0,86.0,0.08422132917384181,0.20877733125358755,Normal,Calibration drift: sustained deviation from local climatology,False,False,none
2026-09-02 07:00:00,AWS_SHIMLA,20.899296987641176,18.105481904780206,808.4,810.95,96.86956521739131,82.13043478260869,0.2608564469038453,0.2970948901185893,Low,Sensor fault: reading outside physically possible range,True,True,calibration_drift
2026-09-02 07:00:00,AWS_BLR,30.58188207172479,33.76412279024487,900.6,902.5,100.0,100.0,0.18290532215194816,0.591452661075974,Low,Data spike: implausible instantaneous jump,True,True,multivariate_inconsistency
2026-09-02 07:00:00,AWS_JAISALMER,50.2,50.2,979.3,979.3,80.0,80.0,0.10667757424759275,0.22000545379046305,Normal,Calibration drift: sustained deviation from local climatology,False,True,spike
2026-09-02 07:00:00,AWS_GURGAON,25.3,28.1,979.5,979.9,69.0,69.0,0.28311987128225985,0.6415599356411299,Low,Sensor fault: value frozen (stuck sensor / comms cache),True,True,frozen_sensor
2026-09-02 07:00:00,AWS_KOCHI,26.2,26.2,1011.4,1011.4,86.0,86.0,0.08328817531533146,0.20831075432433238,Normal,Data spike: implausible instantaneous jump,False,True,frozen_sensor
2026-09-02 07:00:00,AWS_NOIDA,25.6,25.6,982.5,982.5,88.0,88.0,0.0881431905036476,0.3774049285851571,Normal,Data spike: implausible instantaneous jump,False,False,none
2026-09-02 08:00:00,AWS_BLR,31.68668871134757,31.982061395122436,901.7,906.9,66.2366641382041,64.4164051965122,0.22311402293549204,0.611557011467746,Low,Data spike: implausible instantaneous jump,True,True,multivariate_inconsistency
2026-09-02 08:00:00,AWS_JAISALMER,51.3,51.3,980.0,980.0,76.0,76.0,0.12917437826297287,0.39792052246481974,Normal,Calibration drift: sustained deviation from local climatology,False,True,spike
2026-09-02 08:00:00,AWS_NOIDA,26.9,26.9,982.8,982.8,83.0,83.0,0.08244499799257103,0.20788916566295218,Normal,Calibration drift: sustained deviation from local climatology,False,False,none
2026-09-02 08:00:00,AWS_GURGAON,37.4,27.55,968.1,979.95,100.0,69.0,0.5750664438227482,0.7875332219113741,Medium,Data spike: implausible instantaneous jump,True,True,multivariate_inconsistency
2026-09-02 08:00:00,AWS_SHIMLA,13.165855672086362,17.966769668067833,808.7,810.5,94.52173913043478,82.13043478260869,0.42272581106849066,0.7113629055342453,Medium,Sensor fault: reading outside physically possible range,True,True,calibration_drift
2026-09-02 08:00:00,AWS_DELHI,28.4,26.85,981.1,980.6,76.0,83.0,0.16135214726452712,0.41400940696559685,Low,Data spike: implausible instantaneous jump,True,False,none
2026-09-02 08:00:00,AWS_KOCHI,26.2,26.2,1012.2,1012.2,80.0,80.0,0.09367974181756293,0.21350653757544813,Normal,Data spike: implausible instantaneous jump,False,True,frozen_sensor
2026-09-02 09:00:00,AWS_BLR,33.99146579804708,30.2,902.1,911.3,100.0,28.83281039302441,0.20630215401343316,0.4364844103400499,Low,Data spike: implausible instantaneous jump,True,True,multivariate_inconsistency
2026-09-02 09:00:00,AWS_DELHI,30.1,30.1,981.7,981.7,69.0,69.0,0.14514603823994568,0.40590635245330614,Normal,Data spike: implausible instantaneous jump,False,False,none
2026-09-02 09:00:00,AWS_JAISALMER,52.8,28.9,980.4,978.6,69.0,66.0,0.1536128294724018,0.41013974806953424,Low,Calibration drift: sustained deviation from local climatology,True,True,spike
2026-09-02 09:00:00,AWS_GURGAON,39.0,27.0,968.8,980.0,100.0,69.0,0.31132414206219866,0.6556620710310993,Low,Localized fault: disagrees with neighboring stations,True,True,multivariate_inconsistency
2026-09-02 09:00:00,AWS_NOIDA,28.6,28.6,983.4,983.4,78.0,78.0,0.0960169084929373,0.21467512091313531,Normal,Calibration drift: sustained deviation from local climatology,False,True,calibration_drift
2026-09-02 09:00:00,AWS_KOCHI,26.2,26.2,1012.5,1012.5,76.0,76.0,0.09656988149210556,0.04828494074605278,Normal,Calibration drift: sustained deviation from local climatology,False,True,frozen_sensor
2026-09-02 09:00:00,AWS_SHIMLA,17.99996387872169,17.86678772870699,809.7,809.95,89.17391304347827,82.13043478260869,0.3839028671468813,0.525284766906774,Low,Sensor fault: reading outside physically possible range,True,True,calibration_drift
2026-09-02 10:00:00,AWS_GURGAON,40.9,27.0,969.0,980.0,100.0,69.0,0.29877609860837095,0.6493880493041855,Low,Localized fault: disagrees with neighboring stations,True,True,multivariate_inconsistency
2026-09-02 10:00:00,AWS_SHIMLA,26.42582219063589,17.86678772870699,810.8,809.7,75.82608695652173,82.13043478260869,0.470427916158058,0.735213958079029,Medium,Sensor fault: reading outside physically possible range,True,True,calibration_drift
2026-09-02 10:00:00,AWS_NOIDA,31.03333333333333,31.03333333333333,983.5,983.5,72.0,72.0,0.11188703294424579,0.3892768498054562,Normal,Calibration drift: sustained deviation from local climatology,False,True,calibration_drift
2026-09-02 10:00:00,AWS_BLR,37.3,37.3,902.5,902.5,100.0,100.0,0.06392226637466471,0.36529446652066566,Normal,Unclassified multivariate anomaly (novel pattern flagged by ML),False,True,multivariate_inconsistency
2026-09-02 10:00:00,AWS_DELHI,31.7,31.7,981.8,981.8,62.0,62.0,0.13221159130849333,0.39943912898758,Normal,Calibration drift: sustained deviation from local climatology,False,False,none
2026-09-02 10:00:00,AWS_JAISALMER,54.5,31.25,980.7,978.6,61.0,67.5,0.16410027055302978,0.4153834686098482,Low,Calibration drift: sustained deviation from local climatology,True,True,spike
2026-09-02 10:00:00,AWS_KOCHI,26.2,26.2,1012.5,1012.5,74.0,74.0,0.0970138965957955,0.2151736149645644,Normal,Calibration drift: sustained deviation from local climatology,False,True,frozen_sensor
2026-09-02 11:00:00,AWS_DELHI,32.5,32.5,981.6,981.6,60.0,60.0,0.1004916938973843,0.2169125136153588,Normal,Calibration drift: sustained deviation from local climatology,False,False,none
2026-09-02 11:00:00,AWS_NOIDA,29.166666666666668,28.6,983.9,981.9,91.0,88.0,0.1777852749146631,0.4222259707906649,Low,Data spike: implausible instantaneous jump,True,True,calibration_drift
2026-09-02 11:00:00,AWS_BLR,28.4,30.2,914.2,911.3,38.74783790301745,28.83281039302441,0.3699372134343488,0.6849686067171744,Low,Data spike: implausible instantaneous jump,True,True,communication_dropout
2026-09-02 11:00:00,AWS_JAISALMER,56.2,34.0,980.3,978.6,53.0,69.0,0.15691681133898958,0.4117917390028281,Low,Calibration drift: sustained deviation from local climatology,True,True,spike
2026-09-02 11:00:00,AWS_SHIMLA,17.525647084749743,17.700000000000003,811.1,809.4000000000001,76.47826086956522,82.13043478260869,0.4156091161068299,0.7078045580534149,Medium,Sensor fault: reading outside physically possible range,True,True,calibration_drift
2026-09-02 11:00:00,AWS_GURGAON,42.1,27.0,968.8,980.0,100.0,69.0,0.2662438418489077,0.46645525425778717,Low,Localized fault: disagrees with neighboring stations,True,True,multivariate_inconsistency
2026-09-02 11:00:00,AWS_KOCHI,26.2,26.2,1011.9,1011.9,74.0,74.0,0.1251138748612022,0.3958902707639344,Normal,Sensor fault: value frozen (stuck sensor / comms cache),False,True,frozen_sensor
2026-09-02 12:00:00,AWS_KOCHI,26.2,26.2,1011.4,1011.4,74.0,74.0,0.14243931466698698,0.4045529906668268,Normal,Sensor fault: value frozen (stuck sensor / comms cache),False,True,frozen_sensor
2026-09-02 12:00:00,AWS_JAISALMER,57.3,57.3,979.9,979.9,48.0,48.0,0.10266987514136348,0.2180016042373484,Normal,Calibration drift: sustained deviation from local climatology,False,True,spike
2026-09-02 12:00:00,AWS_NOIDA,29.9,29.9,982.8,982.8,91.0,91.0,0.11299771567360366,0.3898321911701351,Normal,Data spike: implausible instantaneous jump,False,True,calibration_drift
2026-09-02 12:00:00,AWS_BLR,29.2,29.2,913.5,913.5,28.83281039302441,28.83281039302441,0.09801562110553155,0.3823411438860991,Normal,Calibration drift: sustained deviation from local climatology,False,True,communication_dropout
2026-09-02 12:00:00,AWS_SHIMLA,18.210999930838717,17.562823542374872,811.2,809.0,71.13043478260869,82.13043478260869,0.369872237970186,0.684936118985093,Low,Sensor fault: reading outside physically possible range,True,True,calibration_drift
2026-09-02 12:00:00,AWS_DELHI,26.5,26.5,981.5,980.3,91.0,85.0,0.25928924614645105,0.6296446230732256,Low,Data spike: implausible instantaneous jump,True,False,none
2026-09-02 12:00:00,AWS_GURGAON,41.9,36.9,967.9,996.7,98.0,100.0,0.28613602651880465,0.6430680132594023,Low,Localized fault: disagrees with neighboring stations,True,True,multivariate_inconsistency
2026-09-02 13:00:00,AWS_NOIDA,31.03333333333333,31.03333333333333,982.2,982.2,88.0,88.0,0.0595836250743962,0.0297918125371981,Normal,Calibration drift: sustained deviation from local climatology,False,True,calibration_drift
2026-09-02 13:00:00,AWS_BLR,30.2,29.2,912.9,911.3,68.24955039749754,91.0,0.1907202600352216,0.2620267966842775,Low,Data spike: implausible instantaneous jump,True,True,communication_dropout
2026-09-02 13:00:00,AWS_SHIMLA,21.909224767324776,17.562823542374872,810.2,808.9,69.78260869565217,84.17391304347827,0.2876849040686479,0.47717578536765726,Low,Sensor fault: reading outside physically possible range,True,True,calibration_drift
2026-09-02 13:00:00,AWS_JAISALMER,58.2,58.2,979.5,979.5,44.0,44.0,0.09684343731795939,0.381755051992313,Normal,Calibration drift: sustained deviation from local climatology,False,True,spike
2026-09-02 13:00:00,AWS_DELHI,22.765529279960493,26.35,980.6,980.1500000000001,95.0,87.0,0.21881326614801122,0.6094066330740056,Low,Data spike: implausible instantaneous jump,True,True,noise_burst
2026-09-02 13:00:00,AWS_KOCHI,26.2,26.2,1010.8,1011.4,75.0,89.0,0.16798124027995973,0.2506572868066465,Low,Sensor fault: value frozen (stuck sensor / comms cache),True,True,frozen_sensor
2026-09-02 13:00:00,AWS_GURGAON,37.3,36.95,967.4,997.2,100.0,100.0,0.36760151676011327,0.6838007583800566,Low,Data spike: implausible instantaneous jump,True,True,multivariate_inconsistency
2026-09-02 14:00:00,AWS_JAISALMER,33.8,49.95,978.6,978.6500000000001,42.0,72.5,0.19464086055002194,0.597320430275011,Low,Data spike: implausible instantaneous jump,True,False,none
2026-09-02 14:00:00,AWS_GURGAON,39.4,36.95,966.8,997.2,100.0,100.0,0.25019789738385484,0.45843228202526076,Low,Localized fault: disagrees with neighboring stations,True,True,multivariate_inconsistency
2026-09-02 14:00:00,AWS_BLR,30.1,29.2,911.9,911.3,13.97524836093098,91.0,0.3146889311566198,0.6573444655783098,Low,Data spike: implausible instantaneous jump,True,True,communication_dropout
2026-09-02 14:00:00,AWS_NOIDA,32.96666666666667,32.96666666666667,981.2,981.2,80.0,80.0,0.1032932404263252,0.0516466202131626,Normal,Data spike: implausible instantaneous jump,False,True,calibration_drift
2026-09-02 14:00:00,AWS_KOCHI,26.2,26.2,1009.8,1011.4,79.0,86.0,0.21552361958126617,0.27442847645729973,Low,Sensor fault: value frozen (stuck sensor / comms cache),True,True,frozen_sensor
2026-09-02 14:00:00,AWS_DELHI,27.87824976852948,26.35,979.5,980.0,83.0,88.0,0.23981365219815862,0.45324015943241264,Low,Data spike: implausible instantaneous jump,True,True,noise_burst
2026-09-02 14:00:00,AWS_SHIMLA,24.777540761941278,17.562823542374872,809.7,808.8,70.43478260869566,87.78260869565219,0.2907635297581946,0.47871509821243063,Low,Sensor fault: reading outside physically possible range,True,True,calibration_drift
2026-09-02 15:00:00,AWS_DELHI,25.199911780357674,25.199911780357674,979.1,979.1,77.0,77.0,0.09918574756372896,0.3829262071151978,Normal,Calibration drift: sustained deviation from local climatology,False,True,noise_burst
2026-09-02 15:00:00,AWS_NOIDA,33.5,33.5,980.5,980.5,81.0,81.0,0.05695383451933829,0.1951435839263358,Normal,Calibration drift: sustained deviation from local climatology,False,True,calibration_drift
2026-09-02 15:00:00,AWS_KOCHI,26.2,26.2,1009.2,1011.4,81.0,83.0,0.21226442900235618,0.4394655478345114,Low,Sensor fault: value frozen (stuck sensor / comms cache),True,True,frozen_sensor
2026-09-02 15:00:00,AWS_JAISALMER,34.0,34.0,977.7,977.7,41.0,41.0,0.1030407609253933,0.38485371379602995,Normal,Data spike: implausible instantaneous jump,False,False,none
2026-09-02 15:00:00,AWS_SHIMLA,21.64570422224264,17.562823542374872,808.9,808.6,67.08695652173913,89.43478260869566,0.3247266169937321,0.6623633084968661,Low,Sensor fault: reading outside physically possible range,True,True,calibration_drift
2026-09-02 15:00:00,AWS_BLR,30.2,30.2,911.3,911.3,19.990820247510833,19.990820247510833,0.09638735884898468,0.38152701275782563,Normal,Calibration drift: sustained deviation from local climatology,False,True,communication_dropout
2026-09-02 15:00:00,AWS_GURGAON,40.4,36.9,996.1,996.7,100.0,100.0,0.39693850895603416,0.6984692544780171,Low,Data spike: implausible instantaneous jump,True,True,multivariate_inconsistency
2026-09-02 16:00:00,AWS_JAISALMER,15.519804232682468,50.25,977.3,979.0,41.0,65.5,0.1893266043982063,0.5946633021991031,Low,Data spike: implausible instantaneous jump,True,True,communication_dropout
2026-09-02 16:00:00,AWS_SHIMLA,26.11584236174796,17.562823542374872,808.3,808.45,67.73913043478261,89.84782608695653,0.44049207209374613,0.7202460360468731,Medium,Sensor fault: reading outside physically possible range,True,True,calibration_drift
2026-09-02 16:00:00,AWS_KOCHI,26.2,26.2,1009.3,1011.4,82.0,83.0,0.227064404885044,0.4468655357758553,Low,Sensor fault: value frozen (stuck sensor / comms cache),True,True,frozen_sensor
2026-09-02 16:00:00,AWS_BLR,29.9,29.2,911.0,911.3,0.7362269751005512,91.0,0.1610046025031906,0.4138356345849286,Low,Unclassified multivariate anomaly (novel pattern flagged by ML),True,True,communication_dropout
2026-09-02 16:00:00,AWS_NOIDA,34.733333333333334,34.733333333333334,980.2,980.2,80.0,80.0,0.04769287047902573,0.1905131019061795,Normal,Calibration drift: sustained deviation from local climatology,False,True,calibration_drift
2026-09-02 16:00:00,AWS_GURGAON,39.9,36.65,995.5,981.7,100.0,100.0,0.24920242894335465,0.45793454780501064,Low,Localized fault: disagrees with neighboring stations,True,True,multivariate_inconsistency
2026-09-02 16:00:00,AWS_DELHI,27.94386769639775,27.94386769639775,978.3,978.3,76.0,76.0,0.0873064888336607,0.04365324441683035,Normal,Data spike: implausible instantaneous jump,False,True,noise_burst
2026-09-02 17:00:00,AWS_GURGAON,41.4,36.65,995.3,981.7,96.0,100.0,0.3392511016608693,0.6696255508304346,Low,Localized fault: disagrees with neighboring stations,True,True,multivariate_inconsistency
2026-09-02 17:00:00,AWS_JAISALMER,23.39751116810851,50.25,977.3,979.0,42.0,65.5,0.18002937818968304,0.4233480224281748,Low,Data spike: implausible instantaneous jump,True,True,communication_dropout
2026-09-02 17:00:00,AWS_BLR,29.3,25.35,908.9637367683174,910.9456552650042,78.69243775021384,92.0,0.32220923651981104,0.6611046182599055,Low,Data spike: implausible instantaneous jump,True,True,noise_burst
2026-09-02 17:00:00,AWS_SHIMLA,22.027175930266107,17.562823542374872,807.8,808.3499999999999,86.3913043478261,90.52173913043478,0.4210703779859791,0.7105351889929896,Medium,Sensor fault: reading outside physically possible range,True,True,calibration_drift
2026-09-02 17:00:00,AWS_NOIDA,36.266666666666666,36.266666666666666,980.0,980.0,72.0,72.0,0.07614030703762736,0.20473682018548034,Normal,Calibration drift: sustained deviation from local climatology,False,True,calibration_drift
2026-09-02 17:00:00,AWS_DELHI,33.86123254982958,26.915352422709407,978.3,980.1500000000001,66.0,81.5,0.23210392879625363,0.44938529773146013,Low,Data spike: implausible instantaneous jump,True,True,noise_burst
2026-09-02 17:00:00,AWS_KOCHI,26.2,26.2,1009.6,1011.4,83.0,83.0,0.2199501600540995,0.44330841336038307,Low,Sensor fault: value frozen (stuck sensor / comms cache),True,True,frozen_sensor
2026-09-02 18:00:00,AWS_NOIDA,36.1,36.1,980.4,980.4,78.0,78.0,0.05958476376388228,0.1964590485486078,Normal,Calibration drift: sustained deviation from local climatology,False,True,calibration_drift
2026-09-02 18:00:00,AWS_SHIMLA,17.8,17.562823542374872,807.6,808.3499999999999,91.04347826086956,91.69565217391303,0.37908516936607417,0.5228759180163705,Low,Sensor fault: reading outside physically possible range,True,True,calibration_drift
2026-09-02 18:00:00,AWS_BLR,27.3,21.5,912.6926984553835,910.5913105300084,66.48508565920321,92.0,0.21272465113207445,0.43969565889937057,Low,Data spike: implausible instantaneous jump,True,True,noise_burst
2026-09-02 18:00:00,AWS_JAISALMER,-29.41025962492467,50.2,977.5,979.3,49.0,55.0,0.2743999931496188,0.6371999965748094,Low,Data spike: implausible instantaneous jump,True,True,communication_dropout
2026-09-02 18:00:00,AWS_GURGAON,39.8,36.65,995.7,981.7,100.0,100.0,0.3266969354442717,0.6633484677221358,Low,Localized fault: disagrees with neighboring stations,True,True,multivariate_inconsistency
2026-09-02 18:00:00,AWS_DELHI,22.190718307230608,26.915352422709407,978.8,980.05,72.0,81.5,0.3236719797286523,0.6618359898643261,Low,Data spike: implausible instantaneous jump,True,True,noise_burst
2026-09-02 18:00:00,AWS_KOCHI,26.2,26.2,1010.3,1011.4,87.0,83.0,0.23689636807327796,0.28511485070330567,Low,Sensor fault: value frozen (stuck sensor / comms cache),True,True,frozen_sensor
2026-09-02 19:00:00,AWS_SHIMLA,17.6,17.51282354237487,808.0,808.3499999999999,89.69565217391305,91.69565217391303,0.2415473784711837,0.2874403559022585,Low,Sensor fault: reading outside physically possible range,True,True,calibration_drift
2026-09-02 19:00:00,AWS_BLR,26.2,21.4,916.0279519698366,906.5456552650041,70.51653786263351,92.5,0.17465426468253964,0.2539937990079365,Low,Data spike: implausible instantaneous jump,True,True,noise_burst
2026-09-02 19:00:00,AWS_JAISALMER,-25.966040293608735,-25.966040293608735,977.9,977.9,55.0,55.0,0.1416083732748455,0.4041375199707561,Normal,Calibration drift: sustained deviation from local climatology,False,True,communication_dropout
2026-09-02 19:00:00,AWS_KOCHI,26.2,26.2,1011.3,1011.4,87.0,83.0,0.22724628446010858,0.28028980889672095,Low,Sensor fault: value frozen (stuck sensor / comms cache),True,True,frozen_sensor
2026-09-02 19:00:00,AWS_DELHI,30.33769457418343,27.330704845418815,979.4,979.9,74.0,77.0,0.2184945396596904,0.4425806031631785,Low,Data spike: implausible instantaneous jump,True,True,noise_burst
2026-09-02 19:00:00,AWS_GURGAON,38.8,36.65,996.5,981.7,100.0,100.0,0.243863599376522,0.4552651330215943,Low,Localized fault: disagrees with neighboring stations,True,True,multivariate_inconsistency
2026-09-02 19:00:00,AWS_NOIDA,36.233333333333334,36.233333333333334,981.2,981.2,83.0,83.0,0.0756511873910348,0.20449226036218404,Normal,Calibration drift: sustained deviation from local climatology,False,True,calibration_drift
2026-09-02 20:00:00,AWS_SHIMLA,17.3,17.45,808.5,808.4,92.34782608695652,91.69565217391303,0.24358000575806088,0.2884566695456971,Low,Sensor fault: reading outside physically possible range,True,True,calibration_drift
2026-09-02 20:00:00,AWS_DELHI,29.050942409329114,29.050942409329114,980.2,980.2,76.0,76.0,0.12151645087136591,0.22742489210234962,Normal,Localized fault: disagrees with neighboring stations,False,True,noise_burst
2026-09-02 20:00:00,AWS_GURGAON,38.0,36.65,997.2,981.7,100.0,100.0,0.2315073930552086,0.4490870298609376,Low,Localized fault: disagrees with neighboring stations,True,True,multivariate_inconsistency
2026-09-02 20:00:00,AWS_NOIDA,36.46666666666667,36.46666666666667,981.9,981.9,88.0,88.0,0.06457336354969831,0.1989533484415158,Normal,Calibration drift: sustained deviation from local climatology,False,True,calibration_drift
2026-09-02 20:00:00,AWS_JAISALMER,1.911431931630383,45.49085441625809,978.5,978.7,59.0,51.5,0.20204101598983001,0.601020507994915,Low,Data spike: implausible instantaneous jump,True,True,communication_dropout
2026-09-02 20:00:00,AWS_BLR,24.8,21.3,912.3532673013988,902.5,78.07290310219679,92.0,0.18638256257148952,0.2598579479524114,Low,Data spike: implausible instantaneous jump,True,True,noise_burst
2026-09-02 20:00:00,AWS_KOCHI,26.2,13.75,1012.1,1011.45,87.0,85.0,0.2219494848322737,0.2776414090828035,Low,Sensor fault: value frozen (stuck sensor / comms cache),True,True,frozen_sensor
2026-09-02 21:00:00,AWS_KOCHI,26.2,1.75,1012.6,1011.45,89.0,87.5,0.23056182109264486,0.2819475772129891,Low,Sensor fault: value frozen (stuck sensor / comms cache),True,True,frozen_sensor
2026-09-02 21:00:00,AWS_DELHI,25.223400177212824,27.379986735887062,980.8,979.9,82.0,77.0,0.2193861383980092,0.6096930691990046,Low,Localized fault: disagrees with neighboring stations,True,True,noise_burst
2026-09-02 21:00:00,AWS_SHIMLA,17.4,17.51282354237487,809.1,808.4,90.0,91.69565217391303,0.25772155522567786,0.2955274442795056,Low,Sensor fault: reading outside physically possible range,True,True,calibration_drift
2026-09-02 21:00:00,AWS_BLR,21.9,21.3,916.1838761877871,902.5,86.0,92.0,0.20674579424834974,0.43670623045750817,Low,Data spike: implausible instantaneous jump,True,True,noise_burst
2026-09-02 21:00:00,AWS_GURGAON,37.3,37.3,997.8,997.8,100.0,100.0,0.0967071454149701,0.2150202393741517,Normal,Calibration drift: sustained deviation from local climatology,False,True,multivariate_inconsistency
2026-09-02 21:00:00,AWS_NOIDA,37.0,33.5,969.3161092980637,981.2,53.54347898300031,80.0,0.4071246485353133,0.7035623242676566,Medium,Data spike: implausible instantaneous jump,True,True,calibration_drift
2026-09-02 21:00:00,AWS_JAISALMER,56.62319121431817,39.68170883251617,967.1,977.9,98.0,48.0,0.4318181818181818,0.7159090909090909,Medium,Data spike: implausible instantaneous jump,True,True,communication_dropout
2026-09-02 22:00:00,AWS_BLR,21.6,21.3,910.4903702946667,902.5,89.0,92.0,0.18133660060713566,0.2573349669702345,Low,Data spike: implausible instantaneous jump,True,True,noise_burst
2026-09-02 22:00:00,AWS_KOCHI,26.2,1.75,1013.0,1011.45,90.0,87.5,0.22135180239415417,0.4440092345304104,Low,Sensor fault: value frozen (stuck sensor / comms cache),True,True,frozen_sensor
2026-09-02 22:00:00,AWS_DELHI,21.41576858244618,27.379986735887062,980.6,979.9,86.0,82.0,0.2461366482445411,0.6230683241222705,Low,Localized fault: disagrees with neighboring stations,True,True,noise_burst
2026-09-02 22:00:00,AWS_GURGAON,36.9,36.9,997.7,997.7,100.0,100.0,0.13590568459418123,0.4012861756304239,Normal,Calibration drift: sustained deviation from local climatology,False,True,multivariate_inconsistency
2026-09-02 22:00:00,AWS_NOIDA,37.53333333333333,34.11666666666667,1015.1213888226798,981.2,84.85604887736245,80.5,0.42245048681959363,0.7112252434097968,Medium,Data spike: implausible instantaneous jump,True,True,calibration_drift
2026-09-02 22:00:00,AWS_JAISALMER,19.604255323437282,39.68170883251617,966.9,977.9,100.0,48.0,0.2514676619626482,0.6257338309813241,Low,Data spike: implausible instantaneous jump,True,True,communication_dropout
2026-09-02 22:00:00,AWS_SHIMLA,17.5,17.51282354237487,808.9,808.4,99.0,91.69565217391303,0.32383685444994176,0.4952517605583042,Low,Sensor fault: reading outside physically possible range,True,False,none
2026-09-02 23:00:00,AWS_DELHI,27.688518030855477,27.379986735887062,979.7,979.9,89.0,82.0,0.27037772574478763,0.6351888628723938,Low,Data spike: implausible instantaneous jump,True,True,noise_burst
2026-09-02 23:00:00,AWS_SHIMLA,16.7,17.51282354237487,808.0,808.4,99.0,91.69565217391303,0.30234162565893796,0.4845041461628023,Low,Sensor fault: reading outside physically possible range,True,False,none
2026-09-02 23:00:00,AWS_KOCHI,26.2,1.3000000000000007,1012.5,1011.4,89.0,90.0,0.2148610850485946,0.274097209190964,Low,Sensor fault: value frozen (stuck sensor / comms cache),True,True,frozen_sensor
2026-09-02 23:00:00,AWS_JAISALMER,53.30232216002112,39.68170883251617,966.2,977.9,100.0,48.0,0.26131996975302146,0.6306599848765108,Low,Data spike: implausible instantaneous jump,True,True,communication_dropout
2026-09-02 23:00:00,AWS_BLR,21.5,21.5,911.4847307671746,911.4847307671746,93.0,93.0,0.02128237297068144,0.01064118648534072,Normal,Calibration drift: sustained deviation from local climatology,False,True,noise_burst
2026-09-02 23:00:00,AWS_GURGAON,37.0,37.0,996.7,996.7,100.0,100.0,0.10947752172749987,0.2214054275304166,Normal,Calibration drift: sustained deviation from local climatology,False,True,multivariate_inconsistency
2026-09-02 23:00:00,AWS_NOIDA,38.766666666666666,34.733333333333334,947.9633971501523,981.2,65.2587340560102,81.0,0.4338503387340701,0.7169251693670351,Medium,Data spike: implausible instantaneous jump,True,True,calibration_drift
2026-09-03 00:00:00,AWS_SHIMLA,16.8,17.55,807.9,808.4,98.0,91.69565217391303,0.2418750383336681,0.2876041858335007,Low,Sensor fault: reading outside physically possible range,True,False,none
2026-09-03 00:00:00,AWS_JAISALMER,40.436091561297076,39.68170883251617,966.1,977.9,100.0,48.0,0.23564216711516917,0.6178210835575846,Low,Data spike: implausible instantaneous jump,True,True,communication_dropout
2026-09-03 00:00:00,AWS_BLR,21.3,21.3,910.5913105300084,910.5913105300084,91.0,91.0,0.019307167421132178,0.009653583710566089,Normal,Calibration drift: sustained deviation from local climatology,False,True,noise_burst
2026-09-03 00:00:00,AWS_KOCHI,26.2,1.3000000000000007,1012.1,1011.4,91.0,90.0,0.2305455115168509,0.2819394224250921,Low,Sensor fault: value frozen (stuck sensor / comms cache),True,True,frozen_sensor
2026-09-03 00:00:00,AWS_DELHI,24.782029163744788,24.782029163744788,979.9,979.9,90.0,90.0,0.14383252577975636,0.4052495962232115,Normal,Localized fault: disagrees with neighboring stations,False,True,noise_burst
2026-09-03 00:00:00,AWS_GURGAON,36.5,36.65,966.8,981.7,100.0,100.0,0.1992702443632486,0.4329684555149576,Low,Data spike: implausible instantaneous jump,True,True,multivariate_inconsistency
2026-09-03 00:00:00,AWS_NOIDA,38.5,34.733333333333334,925.1583139717122,981.2,80.43918279470775,81.0,0.4663080898588802,0.7331540449294401,Medium,Data spike: implausible instantaneous jump,True,True,calibration_drift
2026-09-03 01:00:00,AWS_DELHI,27.330704845418815,27.330704845418815,979.7,979.7,90.0,90.0,0.08950272502599838,0.37808469584633253,Normal,Localized fault: disagrees with neighboring stations,False,True,noise_burst
2026-09-03 01:00:00,AWS_GURGAON,36.4,36.4,966.7,966.7,100.0,100.0,0.08009024891095816,0.20671179112214574,Normal,Calibration drift: sustained deviation from local climatology,False,True,multivariate_inconsistency
2026-09-03 01:00:00,AWS_KOCHI,26.2,1.3000000000000007,1011.5,1011.1,92.0,90.0,0.21850708755905626,0.2759202104461948,Low,Sensor fault: value frozen (stuck sensor / comms cache),True,True,frozen_sensor
2026-09-03 01:00:00,AWS_BLR,21.0,21.4,906.2208017720549,884.216327940075,92.0,88.5,0.16907454288082685,0.2512039381070801,Low,Data spike: implausible instantaneous jump,True,True,noise_burst
2026-09-03 01:00:00,AWS_JAISALMER,6.738160155529151,36.84085441625808,966.0,977.8,100.0,49.5,0.23120622385940087,0.6156031119297004,Low,Data spike: implausible instantaneous jump,True,True,communication_dropout
2026-09-03 01:00:00,AWS_NOIDA,39.03333333333333,35.41666666666667,986.0179093242742,980.85,53.27222760657402,80.5,0.4096482464092805,0.7048241232046403,Medium,Data spike: implausible instantaneous jump,True,True,calibration_drift
2026-09-03 01:00:00,AWS_SHIMLA,16.5,17.55,807.5,808.4,98.0,91.69565217391303,0.24266325772415415,0.28799829552874373,Low,Sensor fault: reading outside physically possible range,True,False,none
2026-09-03 02:00:00,AWS_GURGAON,36.1,36.1,966.2,966.2,100.0,100.0,0.08155029637239755,0.20744181485286545,Normal,Calibration drift: sustained deviation from local climatology,False,True,multivariate_inconsistency
2026-09-03 02:00:00,AWS_DELHI,25.98740858209377,25.98740858209377,979.0,979.0,91.0,91.0,0.08501337473509381,0.20917335403421355,Normal,Calibration drift: sustained deviation from local climatology,False,True,noise_burst
2026-09-03 02:00:00,AWS_SHIMLA,16.3,17.55,807.0,808.4,97.0,91.69565217391303,0.24509528977266878,0.28921431155300104,Low,Sensor fault: reading outside physically possible range,True,False,none
2026-09-03 02:00:00,AWS_BLR,20.5,21.5,914.134862403928,884.2,94.0,86.0,0.1799512715785841,0.2566423024559587,Low,Data spike: implausible instantaneous jump,True,True,noise_burst
2026-09-03 02:00:00,AWS_JAISALMER,38.47634492521875,34.0,965.9,977.7,100.0,55.0,0.22666015106867635,0.6133300755343382,Low,Data spike: implausible instantaneous jump,True,True,communication_dropout
2026-09-03 02:00:00,AWS_KOCHI,1.1000000000000014,1.75,1011.1,1011.05,91.0,87.5,0.19132364542518143,0.5956618227125907,Low,Data spike: implausible instantaneous jump,True,True,spike
2026-09-03 02:00:00,AWS_NOIDA,39.766666666666666,36.1,975.0400863470793,980.5,63.291762926762075,80.0,0.3851340761394945,0.6925670380697473,Low,Data spike: implausible instantaneous jump,True,True,calibration_drift
2026-09-03 03:00:00,AWS_JAISALMER,-38.21632160230123,34.0,966.1,977.7,100.0,55.0,0.2764898101723579,0.6382449050861789,Low,Data spike: implausible instantaneous jump,True,True,communication_dropout
2026-09-03 03:00:00,AWS_KOCHI,0.8000000000000007,0.8000000000000007,1010.6,1010.6,93.0,93.0,0.08130808090523993,0.20732070711928663,Normal,Calibration drift: sustained deviation from local climatology,False,True,spike
2026-09-03 03:00:00,AWS_SHIMLA,15.8,17.55,806.9,808.2,99.0,91.69565217391303,0.2514268778466796,0.2923801055900065,Low,Sensor fault: reading outside physically possible range,True,False,none
2026-09-03 03:00:00,AWS_GURGAON,35.7,35.7,966.1,966.1,100.0,100.0,0.10459569018619704,0.21896451175976517,Normal,Calibration drift: sustained deviation from local climatology,False,True,multivariate_inconsistency
2026-09-03 03:00:00,AWS_DELHI,32.107115565283664,27.379986735887062,979.1,979.7,93.0,82.0,0.20984541941350643,0.6049227097067532,Low,Data spike: implausible instantaneous jump,True,True,noise_burst
2026-09-03 03:00:00,AWS_BLR,20.3,24.05,879.0529882989864,884.1500000000001,95.0,71.0,0.3425059020315409,0.6712529510157704,Low,Data spike: implausible instantaneous jump,True,True,noise_burst
2026-09-03 03:00:00,AWS_NOIDA,40.5,36.16666666666667,941.8625892951973,980.45,28.815561418246173,80.5,0.5101544801199667,0.7550772400599833,Medium,Data spike: implausible instantaneous jump,True,True,calibration_drift
2026-09-03 04:00:00,AWS_SHIMLA,15.5,17.55,806.6,808.05,100.0,91.69565217391303,0.2516862584986034,0.2925097959159684,Low,Sensor fault: reading outside physically possible range,True,False,none
2026-09-03 04:00:00,AWS_GURGAON,35.4,36.65,1059.5218911125542,981.7,100.0,100.0,0.5081816446664488,0.7540908223332243,Medium,Data spike: implausible instantaneous jump,True,True,multivariate_inconsistency
2026-09-03 04:00:00,AWS_DELHI,24.642577490107904,27.661927216142406,979.1,979.8,93.0,86.0,0.20598697623923437,0.6029934881196172,Low,Data spike: implausible instantaneous jump,True,True,noise_burst
2026-09-03 04:00:00,AWS_JAISALMER,-29.085600323426505,17.562029778059873,966.2,967.0,100.0,99.0,0.24347795792514051,0.6217389789625702,Low,Data spike: implausible instantaneous jump,True,True,communication_dropout
2026-09-03 04:00:00,AWS_NOIDA,25.5,36.233333333333334,966.1521258207231,980.4,73.48931623102908,80.0,0.3964025015321797,0.6982012507660899,Low,Data spike: implausible instantaneous jump,True,True,communication_dropout
2026-09-03 04:00:00,AWS_KOCHI,0.6999999999999993,0.6999999999999993,1010.7,1010.7,93.0,93.0,0.05049185718524098,0.19191259525928714,Normal,Calibration drift: sustained deviation from local climatology,False,True,spike
2026-09-03 04:00:00,AWS_BLR,20.2,20.2,881.4624705936384,881.4624705936384,94.0,94.0,0.10851947503944565,0.38759307085305617,Normal,Calibration drift: sustained deviation from local climatology,False,True,noise_burst
2026-09-03 05:00:00,AWS_DELHI,21.50601002951254,21.50601002951254,979.1,979.1,98.0,98.0,0.13887519014129576,0.4027709284039812,Normal,Unclassified multivariate anomaly (novel pattern flagged by ML),False,True,noise_burst
2026-09-03 05:00:00,AWS_NOIDA,25.8,36.25,965.9506409687245,980.8,20.240459312571836,80.5,0.43455784957736737,0.7172789247886837,Medium,Data spike: implausible instantaneous jump,True,True,communication_dropout
2026-09-03 05:00:00,AWS_BLR,20.2,20.2,884.4037332945295,884.4037332945295,92.0,92.0,0.10118180630147326,0.3839242364840699,Normal,Calibration drift: sustained deviation from local climatology,False,True,noise_burst
2026-09-03 05:00:00,AWS_SHIMLA,16.6,17.55,807.3,808.0,100.0,91.69565217391303,0.27022810796195623,0.3017807206476448,Low,Sensor fault: reading outside physically possible range,True,False,none
2026-09-03 05:00:00,AWS_JAISALMER,42.942861488273635,19.957485528654924,966.2,966.8,100.0,99.0,0.2328745751628198,0.6164372875814099,Low,Data spike: implausible instantaneous jump,True,True,communication_dropout
2026-09-03 05:00:00,AWS_KOCHI,1.0,1.0,1010.9,1010.9,91.0,91.0,0.07875705878479537,0.20604519605906435,Normal,Calibration drift: sustained deviation from local climatology,False,True,spike
2026-09-03 05:00:00,AWS_GURGAON,36.3,36.4,940.3652108652213,976.8,100.0,100.0,0.4008303022718796,0.7004151511359398,Medium,Data spike: implausible instantaneous jump,True,True,multivariate_inconsistency
2026-09-03 06:00:00,AWS_SHIMLA,16.6,17.55,808.0,808.0,100.0,91.69565217391303,0.26810239645261247,0.3007178648929729,Low,Sensor fault: reading outside physically possible range,True,False,none
2026-09-03 06:00:00,AWS_GURGAON,36.0,36.4,980.7102832617086,976.8,100.0,100.0,0.4489573638568095,0.7244786819284048,Medium,Data spike: implausible instantaneous jump,True,True,multivariate_inconsistency
2026-09-03 06:00:00,AWS_DELHI,26.517102539825267,27.379986735887062,979.9,979.9,97.0,90.0,0.18918398394836092,0.5945919919741804,Low,Data spike: implausible instantaneous jump,True,True,noise_burst
2026-09-03 06:00:00,AWS_NOIDA,26.1,36.233333333333334,958.9492015942582,981.2,69.47981288184982,83.0,0.48529374835122807,0.742646874175614,Medium,Data spike: implausible instantaneous jump,True,True,communication_dropout
2026-09-03 06:00:00,AWS_BLR,20.1,20.1,884.2326558801498,884.2326558801498,93.0,93.0,0.08345642027862749,0.3750615434726471,Normal,Calibration drift: sustained deviation from local climatology,False,True,noise_burst
2026-09-03 06:00:00,AWS_KOCHI,0.6999999999999993,0.6999999999999993,1011.1,1011.1,93.0,93.0,0.07794310333213926,0.2056382183327363,Normal,Calibration drift: sustained deviation from local climatology,False,True,spike
2026-09-03 06:00:00,AWS_JAISALMER,39.68170883251617,39.68170883251617,966.7,966.7,100.0,100.0,0.13254132758643417,0.39960399712655037,Normal,Calibration drift: sustained deviation from local climatology,False,True,communication_dropout
2026-09-03 07:00:00,AWS_JAISALMER,-16.73592580335663,16.340607191671317,967.4,966.3,100.0,100.0,0.2827569773750849,0.6413784886875424,Low,Data spike: implausible instantaneous jump,True,True,communication_dropout
2026-09-03 07:00:00,AWS_GURGAON,36.7,36.25,934.0737163021685,977.05,100.0,100.0,0.5208741364132964,0.7604370682066481,Medium,Data spike: implausible instantaneous jump,True,True,multivariate_inconsistency
2026-09-03 07:00:00,AWS_SHIMLA,16.8,17.55,808.6,808.0,99.0,93.17391304347825,0.2531988475269922,0.2932660904301627,Low,Sensor fault: reading outside physically possible range,True,False,none
2026-09-03 07:00:00,AWS_DELHI,27.379986735887062,27.379986735887062,980.5,980.5,95.0,95.0,0.06339594747957454,0.19836464040645393,Normal,Calibration drift: sustained deviation from local climatology,False,True,noise_burst
2026-09-03 07:00:00,AWS_NOIDA,26.8,31.1,968.3035343508473,979.075,86.0719068325894,71.02568785449625,0.3166677857961925,0.49166722623142955,Low,Data spike: implausible instantaneous jump,True,True,communication_dropout
2026-09-03 07:00:00,AWS_BLR,21.2,21.2,882.5,882.5,86.0,86.0,0.14973367180669755,0.5748668359033487,Normal,Calibration drift: sustained deviation from local climatology,False,True,spike
2026-09-03 07:00:00,AWS_KOCHI,1.3000000000000007,1.3000000000000007,1011.5,1011.5,90.0,90.0,0.10224085463853073,0.21778709398593202,Normal,Data spike: implausible instantaneous jump,False,True,spike
2026-09-03 08:00:00,AWS_DELHI,33.33675030096175,27.379986735887062,980.7,979.9,86.0,90.0,0.217665156791981,0.44216591172932385,Low,Data spike: implausible instantaneous jump,True,True,noise_burst
2026-09-03 08:00:00,AWS_BLR,23.0,26.6,883.6,883.1,74.0,60.0,0.17726024559221992,0.5886301227961099,Low,Calibration drift: sustained deviation from local climatology,True,True,spike
2026-09-03 08:00:00,AWS_GURGAON,37.9,36.1,1056.4878426088135,977.3,100.0,100.0,0.4895675565753925,0.7447837782876963,Medium,Data spike: implausible instantaneous jump,True,True,multivariate_inconsistency
2026-09-03 08:00:00,AWS_KOCHI,2.1999999999999993,2.1999999999999993,1012.4,1012.4,85.0,85.0,0.11266603345287687,0.2229996833931051,Normal,Data spike: implausible instantaneous jump,False,True,spike
2026-09-03 08:00:00,AWS_NOIDA,27.7,31.0,1023.4338021820702,978.575,13.210283730154393,71.02568785449625,0.48990526463823036,0.7449526323191151,Medium,Data spike: implausible instantaneous jump,True,True,communication_dropout
2026-09-03 08:00:00,AWS_SHIMLA,17.9,17.45,809.0,808.0,94.0,95.0,0.3026620507733317,0.48466435871999913,Low,Sensor fault: reading outside physically possible range,True,False,none
2026-09-03 08:00:00,AWS_JAISALMER,13.076959059905349,16.340607191671317,967.5,966.2,100.0,100.0,0.2788458523852876,0.6394229261926438,Low,Data spike: implausible instantaneous jump,True,True,communication_dropout
2026-09-03 09:00:00,AWS_KOCHI,2.8999999999999986,2.8999999999999986,1012.6,1012.6,82.0,82.0,0.06634313398140829,0.03317156699070414,Normal,Calibration drift: sustained deviation from local climatology,False,True,spike
2026-09-03 09:00:00,AWS_NOIDA,28.7,30.6,953.4377654228314,978.05,61.43797405419198,71.02568785449625,0.38239743567411827,0.6911987178370591,Low,Data spike: implausible instantaneous jump,True,True,communication_dropout
2026-09-03 09:00:00,AWS_SHIMLA,20.4,17.45,810.2,807.95,76.0,96.5,0.4302176837998103,0.5484421752332385,Medium,Sensor fault: reading outside physically possible range,True,False,none
2026-09-03 09:00:00,AWS_DELHI,32.54044498365831,32.54044498365831,981.0,981.0,82.0,82.0,0.0763730993780832,0.0381865496890416,Normal,Calibration drift: sustained deviation from local climatology,False,True,noise_burst
2026-09-03 09:00:00,AWS_JAISALMER,20.601582070001093,17.25212766171864,967.6,966.2,100.0,100.0,0.29651032542243994,0.64825516271122,Low,Data spike: implausible instantaneous jump,True,True,communication_dropout
2026-09-03 09:00:00,AWS_BLR,25.3,26.05,884.3,883.6,62.0,64.5,0.18914064836761832,0.5945703241838092,Low,Data spike: implausible instantaneous jump,True,True,spike
2026-09-03 09:00:00,AWS_GURGAON,39.3,35.900000000000006,917.6294071647633,977.3499999999999,100.0,100.0,0.5012208057556329,0.7506104028778164,Medium,Data spike: implausible instantaneous jump,True,True,multivariate_inconsistency
2026-09-03 10:00:00,AWS_SHIMLA,20.6,17.2,810.5,807.75,76.0,97.5,0.26342693558661856,0.2983801344599759,Low,Sensor fault: reading outside physically possible range,True,False,none
2026-09-03 10:00:00,AWS_DELHI,31.727484236598038,31.727484236598038,981.3,981.3,76.0,76.0,0.07391516652906298,0.20362424993119815,Normal,Calibration drift: sustained deviation from local climatology,False,True,noise_burst
2026-09-03 10:00:00,AWS_GURGAON,40.6,33.25,896.0839114906192,977.3499999999999,100.0,97.0,0.530423278214035,0.7652116391070175,Medium,Data spike: implausible instantaneous jump,True,True,multivariate_inconsistency
2026-09-03 10:00:00,AWS_JAISALMER,46.77389537760112,14.55,967.9,966.1500000000001,94.0,100.0,0.22051433923460734,0.6102571696173037,Low,Data spike: implausible instantaneous jump,True,True,communication_dropout
2026-09-03 10:00:00,AWS_NOIDA,30.0,30.15,1070.7944268087613,978.05,9.50957482299346,73.03043952908588,0.47103905727011885,0.7355195286350594,Medium,Data spike: implausible instantaneous jump,True,True,communication_dropout
2026-09-03 10:00:00,AWS_KOCHI,28.4,27.299999999999997,1012.3,1010.8499999999999,79.0,85.0,0.16428416862308268,0.24880875097820798,Low,Data spike: implausible instantaneous jump,True,False,none
2026-09-03 10:00:00,AWS_BLR,26.6,26.6,884.2,884.2,56.0,56.0,0.11902541254743267,0.39284603960704967,Normal,Calibration drift: sustained deviation from local climatology,False,True,spike
2026-09-03 11:00:00,AWS_GURGAON,31.5,29.4,978.3174708005469,977.3499999999999,67.0,93.5,0.37881155507082465,0.6894057775354123,Low,Data spike: implausible instantaneous jump,True,True,communication_dropout
2026-09-03 11:00:00,AWS_KOCHI,28.8,28.8,1011.7,1011.7,76.0,76.0,0.0501709215144241,0.02508546075721205,Normal,Calibration drift: sustained deviation from local climatology,False,False,none
2026-09-03 11:00:00,AWS_JAISALMER,20.310715733872566,14.0,967.6,966.1,85.0,100.0,0.20859311986335166,0.6042965599316759,Low,Data spike: implausible instantaneous jump,True,True,communication_dropout
2026-09-03 11:00:00,AWS_DELHI,37.05321156487825,27.35534579065294,981.2,979.8,69.0,90.0,0.37599388405244105,0.6879969420262205,Low,Data spike: implausible instantaneous jump,True,True,noise_burst
2026-09-03 11:00:00,AWS_NOIDA,31.1,29.35,1064.942643516872,977.825,72.57156282714269,73.03043952908588,0.5566062897314559,0.7783031448657279,Medium,Data spike: implausible instantaneous jump,True,True,communication_dropout
2026-09-03 11:00:00,AWS_SHIMLA,21.7,16.85,810.6,807.6,70.0,97.5,0.34967567826521095,0.6748378391326055,Low,Sensor fault: reading outside physically possible range,True,False,none
2026-09-03 11:00:00,AWS_BLR,27.7,27.7,884.1,884.1,52.0,52.0,0.09928349254253616,0.21630841293793474,Normal,Calibration drift: sustained deviation from local climatology,False,True,spike
2026-09-03 12:00:00,AWS_BLR,28.4,28.4,883.1,883.1,48.0,48.0,0.07875076530748991,0.20604204932041162,Normal,Calibration drift: sustained deviation from local climatology,False,True,spike
2026-09-03 12:00:00,AWS_DELHI,26.644947782708595,27.35534579065294,980.5,979.8,68.0,90.0,0.24786712197271407,0.45726689431969036,Low,Data spike: implausible instantaneous jump,True,True,noise_burst
2026-09-03 12:00:00,AWS_NOIDA,30.3,28.7,986.5638770940142,977.825,8.449321882352024,76.9642495128684,0.5601193579637,0.78005967898185,Medium,Data spike: implausible instantaneous jump,True,True,communication_dropout
2026-09-03 12:00:00,AWS_GURGAON,31.6,27.7,1078.6276015300507,977.3499999999999,66.0,93.0,0.5795454545454546,0.7897727272727273,Medium,Data spike: implausible instantaneous jump,True,True,communication_dropout
2026-09-03 12:00:00,AWS_KOCHI,28.8,28.8,1011.0,1011.0,76.0,76.0,0.05081859669125162,0.02540929834562581,Normal,Calibration drift: sustained deviation from local climatology,False,False,none
2026-09-03 12:00:00,AWS_SHIMLA,20.3,16.85,810.0,807.6,78.0,96.5,0.3632928382339063,0.5149797524502865,Low,Sensor fault: reading outside physically possible range,True,False,none
2026-09-03 12:00:00,AWS_JAISALMER,1.2571569273680328,14.0,967.2,966.1,80.41245261822627,100.0,0.2088915631893778,0.6044457815946889,Low,Data spike: implausible instantaneous jump,True,True,communication_dropout
2026-09-03 13:00:00,AWS_DELHI,31.5,27.379986735887062,979.7,979.7,64.0,90.0,0.19383567232976429,0.43025116949821546,Low,Data spike: implausible instantaneous jump,True,False,none
2026-09-03 13:00:00,AWS_NOIDA,30.9,28.45,981.3,977.825,69.0,79.78061153180924,0.31130681804635574,0.6556534090231778,Low,Data spike: implausible instantaneous jump,True,False,none
2026-09-03 13:00:00,AWS_JAISALMER,-2.58159565928173,14.0,966.4,966.05,71.54071296158017,97.0,0.21804430445494574,0.6090221522274729,Low,Data spike: implausible instantaneous jump,True,True,communication_dropout
2026-09-03 13:00:00,AWS_BLR,28.7,28.7,882.2,882.2,48.0,48.0,0.06760361994766638,0.20046847664049985,Normal,Calibration drift: sustained deviation from local climatology,False,True,spike
2026-09-03 13:00:00,AWS_SHIMLA,19.8,16.85,809.2,807.55,83.0,96.5,0.2987456689240589,0.4827061677953628,Low,Sensor fault: reading outside physically possible range,True,False,none
2026-09-03 13:00:00,AWS_KOCHI,28.7,28.7,1010.3,1010.3,76.0,76.0,0.04891948343553324,0.02445974171776662,Normal,Calibration drift: sustained deviation from local climatology,False,False,none
2026-09-03 13:00:00,AWS_GURGAON,31.5,27.4,1060.5019079258846,977.4,67.0,93.0,0.4229867095505996,0.7114933547752997,Medium,Data spike: implausible instantaneous jump,True,True,communication_dropout
2026-09-03 14:00:00,AWS_NOIDA,31.9,27.95,980.1,977.75,122.0,104.0359534162947,0.5739206137610112,0.7869603068805056,Medium,Sensor fault: reading outside physically possible range,True,True,spike
2026-09-03 14:00:00,AWS_BLR,28.4,28.4,881.2,881.2,52.0,52.0,0.07550886802601227,0.20442110067967278,Normal,Calibration drift: sustained deviation from local climatology,False,True,spike
2026-09-03 14:00:00,AWS_SHIMLA,19.3,16.85,808.1,807.55,85.0,96.5,0.2741307923071374,0.30373206282023535,Low,Sensor fault: reading outside physically possible range,True,False,none
2026-09-03 14:00:00,AWS_JAISALMER,2.5882086373509883,15.068421052631582,965.6,966.1,73.89840039155418,52.92683081577391,0.21306932087285343,0.6065346604364267,Low,Data spike: implausible instantaneous jump,True,True,communication_dropout
2026-09-03 14:00:00,AWS_KOCHI,28.4,28.4,1009.2,1009.2,77.0,77.0,0.07892387949903037,0.20612860641618186,Normal,Calibration drift: sustained deviation from local climatology,False,False,none
2026-09-03 14:00:00,AWS_GURGAON,30.2,27.2,1034.7494435022509,978.1,72.0,93.0,0.5035851496110357,0.7517925748055179,Medium,Data spike: implausible instantaneous jump,True,True,communication_dropout
2026-09-03 14:00:00,AWS_DELHI,31.7,31.7,978.5,978.5,62.0,62.0,0.09418007422842693,0.047090037114213466,Normal,Data spike: implausible instantaneous jump,False,True,calibration_drift
2026-09-03 15:00:00,AWS_BLR,28.1,28.1,880.8,880.8,52.0,52.0,0.06822100277254009,0.20077716805293672,Normal,Calibration drift: sustained deviation from local climatology,False,True,spike
2026-09-03 15:00:00,AWS_NOIDA,31.7,27.7,979.4,977.75,123.0,122.5,0.3117866075579329,0.48922663711229974,Low,Sensor fault: reading outside physically possible range,True,True,spike
2026-09-03 15:00:00,AWS_SHIMLA,19.1,16.85,807.6,807.55,89.0,97.5,0.25861850205797754,0.29597591769565545,Low,Sensor fault: reading outside physically possible range,True,False,none
2026-09-03 15:00:00,AWS_GURGAON,30.4,26.7,977.1,978.1,73.0,93.0,0.259249201896803,0.6296246009484014,Low,Data spike: implausible instantaneous jump,True,False,none
2026-09-03 15:00:00,AWS_DELHI,41.8,29.53999336794353,988.4666666666666,979.8,97.0,88.5,0.5795454545454546,0.7897727272727273,Medium,Data spike: implausible instantaneous jump,True,True,multivariate_inconsistency
2026-09-03 15:00:00,AWS_JAISALMER,25.193102557997417,15.068421052631582,965.2,966.1,13.105775155731326,52.92683081577391,0.3068633049052072,0.6534316524526036,Low,Data spike: implausible instantaneous jump,True,True,communication_dropout
2026-09-03 15:00:00,AWS_KOCHI,28.3,28.3,1008.8,1008.8,79.0,79.0,0.04507956036042648,0.1892064468468799,Normal,Calibration drift: sustained deviation from local climatology,False,False,none
2026-09-03 16:00:00,AWS_NOIDA,31.1,27.35,979.2,977.75,126.0,124.5,0.31472701602308384,0.49069684134487523,Low,Sensor fault: reading outside physically possible range,True,True,calibration_drift
2026-09-03 16:00:00,AWS_BLR,27.1,27.1,880.4,880.4,58.0,58.0,0.08983502624063011,0.37825084645364837,Normal,Calibration drift: sustained deviation from local climatology,False,True,spike
2026-09-03 16:00:00,AWS_DELHI,41.7,27.379986735887062,986.8333333333334,979.1,97.0,94.0,0.31431048862600414,0.6571552443130021,Low,Localized fault: disagrees with neighboring stations,True,True,multivariate_inconsistency
2026-09-03 16:00:00,AWS_GURGAON,30.8,30.8,976.8,976.8,70.0,70.0,0.0762533025769496,0.20479331795514144,Normal,Data spike: implausible instantaneous jump,False,False,none
2026-09-03 16:00:00,AWS_KOCHI,28.0,28.0,1008.7,1008.7,80.0,80.0,0.04533985716344546,0.1893365952483894,Normal,Calibration drift: sustained deviation from local climatology,False,False,none
2026-09-03 16:00:00,AWS_SHIMLA,19.0,16.85,807.5,807.55,89.0,97.0,0.23961681147667016,0.28647507240500175,Low,Sensor fault: reading outside physically possible range,True,False,none
2026-09-03 16:00:00,AWS_JAISALMER,46.749063175232486,15.068421052631582,964.5,966.1,12.375380365034461,52.92683081577391,0.2754929828826256,0.6377464914413128,Low,Data spike: implausible instantaneous jump,True,True,communication_dropout
2026-09-03 17:00:00,AWS_BLR,27.0,27.0,880.8,880.8,60.0,60.0,0.06972827788506883,0.20153080560920106,Normal,Calibration drift: sustained deviation from local climatology,False,True,spike
2026-09-03 17:00:00,AWS_SHIMLA,19.6,16.85,807.6,807.55,86.0,97.0,0.2468246643427594,0.29007899883804633,Low,Sensor fault: reading outside physically possible range,True,False,none
2026-09-03 17:00:00,AWS_GURGAON,28.5,26.6,977.1,978.1,88.0,93.0,0.19480490087385252,0.43073578377025956,Low,Data spike: implausible instantaneous jump,True,False,none
2026-09-03 17:00:00,AWS_KOCHI,28.1,28.1,1008.8,1008.8,81.0,81.0,0.03959880785666625,0.18646607059499978,Normal,Calibration drift: sustained deviation from local climatology,False,False,none
2026-09-03 17:00:00,AWS_DELHI,38.7,27.139993367943532,986.2,979.1,100.0,94.0,0.21869058294056587,0.6093452914702829,Low,Calibration drift: sustained deviation from local climatology,True,True,multivariate_inconsistency
2026-09-03 17:00:00,AWS_NOIDA,26.6,27.35,978.95,977.75,153.0,137.0,0.596235144877928,0.798117572438964,Medium,Sensor fault: reading outside physically possible range,True,True,calibration_drift
2026-09-03 17:00:00,AWS_JAISALMER,5.389688207629975,14.43421052631579,964.4,966.4000000000001,92.75625510065076,64.96341540788696,0.27114845186659214,0.635574225933296,Low,Data spike: implausible instantaneous jump,True,True,communication_dropout
2026-09-03 18:00:00,AWS_GURGAON,28.0,28.0,977.3,977.3,90.0,90.0,0.055932967602406944,0.027966483801203472,Normal,Calibration drift: sustained deviation from local climatology,False,False,none
2026-09-03 18:00:00,AWS_JAISALMER,-15.216043704864187,13.799999999999997,964.6,966.7,100.0,77.0,0.22992549362584414,0.6149627468129221,Low,Data spike: implausible instantaneous jump,True,True,communication_dropout
2026-09-03 18:00:00,AWS_KOCHI,27.6,27.6,1009.8,1009.8,85.0,85.0,0.054471885596848346,0.027235942798424173,Normal,Calibration drift: sustained deviation from local climatology,False,False,none
2026-09-03 18:00:00,AWS_NOIDA,26.8,27.35,978.2,977.75,154.0,149.0,0.45389815283796836,0.7269490764189842,Medium,Sensor fault: reading outside physically possible range,True,True,calibration_drift
2026-09-03 18:00:00,AWS_SHIMLA,17.9,16.85,807.1,807.55,96.0,97.0,0.3031793017356988,0.48492298420118274,Low,Sensor fault: reading outside physically possible range,True,False,none
2026-09-03 18:00:00,AWS_BLR,26.0,24.0,911.5,897.466327940075,65.0,76.0,0.3189113807945819,0.659455690397291,Low,Data spike: implausible instantaneous jump,True,False,none
2026-09-03 18:00:00,AWS_DELHI,37.8,27.139993367943532,984.8666666666667,979.25,100.0,94.0,0.25577957010811436,0.6278897850540572,Low,Localized fault: disagrees with neighboring stations,True,True,multivariate_inconsistency
2026-09-03 19:00:00,AWS_BLR,25.5,25.5,911.9,911.9,69.0,69.0,0.011821335334758628,0.005910667667379314,Normal,none,False,False,none
2026-09-03 19:00:00,AWS_KOCHI,27.4,27.4,1010.8,1010.8,86.0,86.0,0.025892416358973443,0.012946208179486721,Normal,none,False,False,none
2026-09-03 19:00:00,AWS_JAISALMER,-16.333763700241885,6.115789473684211,965.0,977.3,61.24605159228646,77.0,0.2572362646123058,0.6286181323061529,Low,Data spike: implausible instantaneous jump,True,True,communication_dropout
2026-09-03 19:00:00,AWS_SHIMLA,16.9,16.85,806.9,807.5,99.0,97.0,0.25383189098395476,0.293582612158644,Low,Sensor fault: reading outside physically possible range,True,False,none
2026-09-03 19:00:00,AWS_NOIDA,26.7,27.35,977.75,977.75,157.0,151.5,0.4546271331479413,0.7273135665739706,Medium,Sensor fault: reading outside physically possible range,True,True,calibration_drift
2026-09-03 19:00:00,AWS_GURGAON,27.2,27.2,977.4,977.4,94.0,94.0,0.07245071405967402,0.03622535702983701,Normal,Data spike: implausible instantaneous jump,False,False,none
2026-09-03 19:00:00,AWS_DELHI,37.4,26.9,983.6333333333333,979.4,100.0,94.0,0.22923918992044043,0.6146195949602202,Low,Localized fault: disagrees with neighboring stations,True,True,multivariate_inconsistency
2026-09-03 20:00:00,AWS_NOIDA,26.8,27.35,977.9,977.75,157.0,153.0,0.45148066792138986,0.7257403339606949,Medium,Sensor fault: reading outside physically possible range,True,True,calibration_drift
2026-09-03 20:00:00,AWS_BLR,24.5,24.5,912.3,912.3,74.0,74.0,0.02367006289271704,0.01183503144635852,Normal,none,False,False,none
2026-09-03 20:00:00,AWS_KOCHI,27.2,27.2,1011.2,1011.2,88.0,88.0,0.01676148618076161,0.008380743090380805,Normal,none,False,False,none
2026-09-03 20:00:00,AWS_JAISALMER,14.899999999999999,6.760526315789475,965.5,977.4,100.0,77.0,0.24149964669482976,0.6207498233474149,Low,Data spike: implausible instantaneous jump,True,True,spike
2026-09-03 20:00:00,AWS_DELHI,37.3,26.9,983.2,979.4,100.0,94.0,0.20776266887909756,0.4372146677728821,Low,Localized fault: disagrees with neighboring stations,True,True,multivariate_inconsistency
2026-09-03 20:00:00,AWS_GURGAON,26.7,26.7,978.2,978.2,93.0,93.0,0.03666069566412737,0.018330347832063686,Normal,Calibration drift: sustained deviation from local climatology,False,False,none
2026-09-03 20:00:00,AWS_SHIMLA,16.6,17.299999999999997,807.5,807.5,100.0,96.5,0.2543772956930968,0.29385531451321506,Low,Sensor fault: reading outside physically possible range,True,False,none
2026-09-03 21:00:00,AWS_BLR,23.5,23.5,912.8,912.8,78.0,78.0,0.024821680892345845,0.012410840446172923,Normal,none,False,False,none
2026-09-03 21:00:00,AWS_NOIDA,27.0,26.95,977.75,977.575,155.0,153.0,0.4457303629585815,0.7228651814792908,Medium,Sensor fault: reading outside physically possible range,True,True,calibration_drift
2026-09-03 21:00:00,AWS_SHIMLA,16.2,17.299999999999997,807.6,807.5,100.0,96.5,0.24592568971987222,0.28962951152660277,Low,Sensor fault: reading outside physically possible range,True,False,none
2026-09-03 21:00:00,AWS_KOCHI,27.1,27.1,1011.6,1011.6,88.0,88.0,0.008398868624979716,0.004199434312489858,Normal,none,False,False,none
2026-09-03 21:00:00,AWS_JAISALMER,14.200000000000003,7.405263157894738,965.9,977.5,59.097057500568475,77.0,0.23263772168744148,0.6163188608437208,Low,Data spike: implausible instantaneous jump,True,True,spike
2026-09-03 21:00:00,AWS_GURGAON,26.6,26.6,978.8,978.8,91.0,91.0,0.04486837671956411,0.022434188359782056,Normal,Calibration drift: sustained deviation from local climatology,False,False,none
2026-09-03 21:00:00,AWS_DELHI,37.1,26.9,991.8,979.4,100.0,94.0,0.4238370786041,0.71191853930205,Medium,Data spike: implausible instantaneous jump,True,True,multivariate_inconsistency
2026-09-03 22:00:00,AWS_NOIDA,26.9,26.95,977.4,977.575,154.0,153.0,0.44223226486270323,0.7211161324313516,Medium,Sensor fault: reading outside physically possible range,True,True,calibration_drift
2026-09-03 22:00:00,AWS_KOCHI,27.0,27.0,1011.9,1011.9,89.0,89.0,0.011408500972041257,0.005704250486020628,Normal,none,False,False,none
2026-09-03 22:00:00,AWS_JAISALMER,13.799999999999997,13.799999999999997,966.1,966.1,47.275793241148605,47.275793241148605,0.07705306371370502,0.3718598651901858,Normal,Unclassified multivariate anomaly (novel pattern flagged by ML),False,True,calibration_drift
2026-09-03 22:00:00,AWS_DELHI,37.1,26.85,992.3,979.25,100.0,95.0,0.27016318398751826,0.6350815919937591,Low,Localized fault: disagrees with neighboring stations,True,True,multivariate_inconsistency
2026-09-03 22:00:00,AWS_GURGAON,26.4,26.4,979.4,979.4,93.0,93.0,0.04063476037649083,0.020317380188245415,Normal,Calibration drift: sustained deviation from local climatology,False,False,none
2026-09-03 22:00:00,AWS_BLR,21.7,21.7,913.1,913.1,91.0,91.0,0.11350394299927138,0.22341863816630236,Normal,Data spike: implausible instantaneous jump,False,False,none
2026-09-03 22:00:00,AWS_SHIMLA,15.8,17.299999999999997,807.5,807.5,100.0,96.5,0.24826388114306797,0.2907986072382006,Low,Sensor fault: reading outside physically possible range,True,False,none
2026-09-03 23:00:00,AWS_JAISALMER,14.589473684210523,9.394736842105264,965.8,977.5,100.0,72.0,0.23658641864316965,0.6182932093215848,Low,Data spike: implausible instantaneous jump,True,True,calibration_drift
2026-09-03 23:00:00,AWS_GURGAON,27.4,27.4,978.9,978.9,92.0,92.0,0.06361978495766632,0.03180989247883316,Normal,Calibration drift: sustained deviation from local climatology,False,False,none
2026-09-03 23:00:00,AWS_KOCHI,27.3,27.3,1011.6,1011.6,88.0,88.0,0.023497372725778017,0.011748686362889008,Normal,none,False,False,none
2026-09-03 23:00:00,AWS_SHIMLA,15.8,17.299999999999997,807.1,807.5,95.0,96.5,0.2674586508292761,0.30039599208130474,Low,Sensor fault: reading outside physically possible range,True,False,none
2026-09-03 23:00:00,AWS_BLR,22.7,22.7,912.4,912.4,84.0,84.0,0.049748213744884556,0.024874106872442278,Normal,Data spike: implausible instantaneous jump,False,False,none
2026-09-03 23:00:00,AWS_NOIDA,28.7,26.95,976.35,976.875,148.0,153.0,0.4916727641749924,0.7458363820874963,Medium,Sensor fault: reading outside physically possible range,True,True,calibration_drift
2026-09-03 23:00:00,AWS_DELHI,38.3,26.85,992.0,979.25,100.0,95.0,0.25859457584416795,0.629297287922084,Low,Localized fault: disagrees with neighboring stations,True,True,multivariate_inconsistency
2026-09-04 00:00:00,AWS_JAISALMER,14.678947368421055,10.639473684210525,965.7,978.0,50.328431662449404,69.0,0.22429848632824786,0.6121492431641239,Low,Data spike: implausible instantaneous jump,True,True,calibration_drift
2026-09-04 00:00:00,AWS_BLR,21.6,21.6,911.8,911.8,93.0,93.0,0.059251006960914177,0.029625503480457088,Normal,Data spike: implausible instantaneous jump,False,False,none
2026-09-04 00:00:00,AWS_SHIMLA,15.5,17.299999999999997,806.9,807.5,99.0,96.5,0.2583343053938241,0.2958338193635787,Low,Sensor fault: reading outside physically possible range,True,False,none
2026-09-04 00:00:00,AWS_GURGAON,26.5,26.5,978.6,978.6,95.0,95.0,0.060197114694972825,0.030098557347486413,Normal,Calibration drift: sustained deviation from local climatology,False,False,none
2026-09-04 00:00:00,AWS_NOIDA,28.2,26.95,975.3,975.825,150.0,153.0,0.4449686055015498,0.7224843027507749,Medium,Sensor fault: reading outside physically possible range,True,True,calibration_drift
2026-09-04 00:00:00,AWS_DELHI,37.1,26.9,991.6,979.4,100.0,94.0,0.21018577326091037,0.6050928866304552,Low,Calibration drift: sustained deviation from local climatology,True,True,multivariate_inconsistency
2026-09-04 00:00:00,AWS_KOCHI,26.8,26.8,1011.1,1011.1,86.0,86.0,0.03571193927674306,0.01785596963837153,Normal,Data spike: implausible instantaneous jump,False,False,none
2026-09-04 01:00:00,AWS_GURGAON,26.5,26.5,978.1,978.1,96.0,96.0,0.048357386776648706,0.024178693388324353,Normal,Calibration drift: sustained deviation from local climatology,False,False,none
2026-09-04 01:00:00,AWS_SHIMLA,15.3,17.299999999999997,806.3,807.5,99.0,96.5,0.26837561383036007,0.3008544735818467,Low,Sensor fault: reading outside physically possible range,True,False,none
2026-09-04 01:00:00,AWS_KOCHI,26.6,26.6,1010.4,1010.4,89.0,89.0,0.045873859771006935,0.022936929885503467,Normal,Data spike: implausible instantaneous jump,False,False,none
2026-09-04 01:00:00,AWS_DELHI,26.8,26.9,979.1,979.65,97.0,94.0,0.30749054868969267,0.6537452743448463,Low,Data spike: implausible instantaneous jump,True,False,none
2026-09-04 01:00:00,AWS_NOIDA,27.7,26.95,974.05,974.675,153.0,153.0,0.4514656373057718,0.725732818652886,Medium,Sensor fault: reading outside physically possible range,True,True,calibration_drift
2026-09-04 01:00:00,AWS_BLR,21.4,21.4,911.4,911.4,95.0,95.0,0.02082466692279271,0.010412333461396354,Normal,Calibration drift: sustained deviation from local climatology,False,False,none
2026-09-04 01:00:00,AWS_JAISALMER,15.068421052631582,15.068421052631582,965.5,965.5,52.92683081577391,52.92683081577391,0.06489324406548051,0.36577995536607355,Normal,Calibration drift: sustained deviation from local climatology,False,True,calibration_drift
2026-09-04 02:00:00,AWS_SHIMLA,15.2,17.299999999999997,806.0,807.5,99.0,96.5,0.256217753321573,0.29477554332745315,Low,Sensor fault: reading outside physically possible range,True,False,none
2026-09-04 02:00:00,AWS_KOCHI,26.4,27.8,1010.1,1011.1,30.0,83.0,0.32894318181817844,0.6644715909090892,Low,Data spike: implausible instantaneous jump,True,True,spike
2026-09-04 02:00:00,AWS_NOIDA,26.8,26.95,973.1,974.675,157.0,153.0,0.462890531934541,0.7314452659672706,Medium,Sensor fault: reading outside physically possible range,True,True,calibration_drift
2026-09-04 02:00:00,AWS_JAISALMER,5.057894736842104,11.884210526315789,977.4,978.5,59.93827915208435,66.0,0.32202280467477196,0.661011402337386,Low,Data spike: implausible instantaneous jump,True,True,calibration_drift
2026-09-04 02:00:00,AWS_GURGAON,26.4,26.4,977.8,977.8,96.0,96.0,0.041665128464759935,0.020832564232379967,Normal,Calibration drift: sustained deviation from local climatology,False,False,none
2026-09-04 02:00:00,AWS_BLR,21.2,21.2,911.1,911.1,96.0,96.0,0.024097261983408582,0.012048630991704291,Normal,Calibration drift: sustained deviation from local climatology,False,False,none
2026-09-04 02:00:00,AWS_DELHI,26.9,26.9,978.9,978.9,96.0,96.0,0.04838159534033169,0.024190797670165846,Normal,Calibration drift: sustained deviation from local climatology,False,False,none
2026-09-04 03:00:00,AWS_SHIMLA,15.2,17.299999999999997,806.0,807.5,98.0,96.5,0.2531628918671481,0.2932481126002407,Low,Sensor fault: reading outside physically possible range,True,False,none
2026-09-04 03:00:00,AWS_KOCHI,26.3,27.8,1009.6,1011.1,31.0,83.0,0.1918110465806939,0.4292388566236803,Low,Calibration drift: sustained deviation from local climatology,True,True,spike
2026-09-04 03:00:00,AWS_GURGAON,26.3,26.3,977.6,977.6,96.0,96.0,0.042254487849047784,0.021127243924523892,Normal,Calibration drift: sustained deviation from local climatology,False,True,calibration_drift
2026-09-04 03:00:00,AWS_DELHI,26.9,26.9,978.6,978.6,94.0,94.0,0.07371811335098116,0.03685905667549058,Normal,Calibration drift: sustained deviation from local climatology,False,False,none
2026-09-04 03:00:00,AWS_NOIDA,26.3,26.95,972.15,974.675,157.0,153.0,0.4501158653292458,0.7250579326646229,Medium,Sensor fault: reading outside physically possible range,True,True,calibration_drift
2026-09-04 03:00:00,AWS_JAISALMER,4.84736842105263,12.842105263157894,977.4,978.25,87.45620408374644,63.0,0.19088757341812213,0.4287771200423944,Low,Data spike: implausible instantaneous jump,True,True,calibration_drift
2026-09-04 03:00:00,AWS_BLR,20.8,20.8,910.7,910.7,96.0,96.0,0.02362478067853179,0.011812390339265896,Normal,Calibration drift: sustained deviation from local climatology,False,False,none
2026-09-04 04:00:00,AWS_DELHI,26.6,26.6,979.1,979.1,94.0,94.0,0.03826874540997531,0.019134372704987655,Normal,Calibration drift: sustained deviation from local climatology,False,False,none
2026-09-04 04:00:00,AWS_JAISALMER,4.936842105263157,4.936842105263157,977.5,977.5,77.0,77.0,0.04110449088133856,0.02055224544066928,Normal,Calibration drift: sustained deviation from local climatology,False,True,calibration_drift
2026-09-04 04:00:00,AWS_SHIMLA,15.1,17.299999999999997,806.1,807.5,98.0,96.5,0.25309497368576067,0.293214153509547,Low,Sensor fault: reading outside physically possible range,True,False,none
2026-09-04 04:00:00,AWS_NOIDA,26.2,26.95,971.7,974.675,155.0,153.0,0.43973661826044175,0.7198683091302209,Medium,Sensor fault: reading outside physically possible range,True,True,calibration_drift
2026-09-04 04:00:00,AWS_GURGAON,23.2,26.7,978.1,978.2,97.0,93.0,0.20184346531794212,0.6009217326589711,Low,Data spike: implausible instantaneous jump,True,True,calibration_drift
2026-09-04 04:00:00,AWS_BLR,20.6,20.6,911.0,911.0,97.0,97.0,0.028295572813098913,0.014147786406549456,Normal,Calibration drift: sustained deviation from local climatology,False,False,none
2026-09-04 04:00:00,AWS_KOCHI,26.1,27.8,1009.8,1011.1,33.0,83.5,0.19059406204770005,0.4286303643571833,Low,Unclassified multivariate anomaly (novel pattern flagged by ML),True,True,spike
2026-09-04 05:00:00,AWS_BLR,30.7,27.0,922.9,913.1,100.0,89.0,0.27557496979678475,0.6377874848983924,Low,Data spike: implausible instantaneous jump,True,True,multivariate_inconsistency
2026-09-04 05:00:00,AWS_JAISALMER,5.926315789473683,5.926315789473683,977.3,977.3,77.0,77.0,0.033717587397431956,0.016858793698715978,Normal,Calibration drift: sustained deviation from local climatology,False,True,calibration_drift
2026-09-04 05:00:00,AWS_SHIMLA,16.3,17.299999999999997,806.6,807.55,98.0,96.5,0.307414075665225,0.4870403711659458,Low,Sensor fault: reading outside physically possible range,True,False,none
2026-09-04 05:00:00,AWS_KOCHI,26.2,27.85,1009.8,1011.1,94.0,85.5,0.21517499306436147,0.44092082986551406,Low,Data spike: implausible instantaneous jump,True,False,none
2026-09-04 05:00:00,AWS_NOIDA,26.3,26.95,971.35,974.675,157.0,153.0,0.44011566808616887,0.7200578340430844,Medium,Sensor fault: reading outside physically possible range,True,True,calibration_drift
2026-09-04 05:00:00,AWS_GURGAON,20.8,26.65,978.1,978.4000000000001,98.0,93.0,0.23205208770638747,0.6160260438531937,Low,Localized fault: disagrees with neighboring stations,True,True,calibration_drift
2026-09-04 05:00:00,AWS_DELHI,26.8,26.8,979.4,979.4,97.0,97.0,0.07518659758866739,0.20425996546100034,Normal,Calibration drift: sustained deviation from local climatology,False,False,none
2026-09-04 06:00:00,AWS_GURGAON,17.4,26.65,978.8,978.4000000000001,97.0,93.0,0.26621504141258945,0.6331075207062947,Low,Data spike: implausible instantaneous jump,True,True,calibration_drift
2026-09-04 06:00:00,AWS_KOCHI,26.0,26.0,1010.3,1010.3,94.0,94.0,0.03666568855409642,0.01833284427704821,Normal,Calibration drift: sustained deviation from local climatology,False,False,none
2026-09-04 06:00:00,AWS_NOIDA,24.9,29.2,971.2,980.7,159.0,81.0,0.4956288226282279,0.747814411314114,Medium,Sensor fault: reading outside physically possible range,True,True,calibration_drift
2026-09-04 06:00:00,AWS_BLR,30.5,30.5,923.9,923.9,100.0,100.0,0.14157643388535604,0.4041215502760113,Normal,Data spike: implausible instantaneous jump,False,True,multivariate_inconsistency
2026-09-04 06:00:00,AWS_SHIMLA,15.9,17.049999999999997,807.0,807.55,99.0,97.0,0.2583126791286199,0.29582300623097657,Low,Sensor fault: reading outside physically possible range,True,False,none
2026-09-04 06:00:00,AWS_JAISALMER,6.115789473684211,6.115789473684211,977.5,977.5,80.0,80.0,0.033677571504032514,0.016838785752016257,Normal,Calibration drift: sustained deviation from local climatology,False,True,calibration_drift
2026-09-04 06:00:00,AWS_DELHI,26.0,26.0,979.9,979.9,97.0,97.0,0.06305841900227659,0.03152920950113829,Normal,Calibration drift: sustained deviation from local climatology,False,False,none
2026-09-04 07:00:00,AWS_BLR,31.8,30.5,925.0,923.3,100.0,89.0,0.15338378172237752,0.5766918908611888,Low,Data spike: implausible instantaneous jump,True,True,multivariate_inconsistency
2026-09-04 07:00:00,AWS_NOIDA,25.7,28.45,971.45,980.8,156.0,84.5,0.4593797575517361,0.7296898787758681,Medium,Sensor fault: reading outside physically possible range,True,True,calibration_drift
2026-09-04 07:00:00,AWS_JAISALMER,7.405263157894738,7.405263157894738,978.5,978.5,78.0,78.0,0.13127505238041404,0.23230419285687368,Normal,Data spike: implausible instantaneous jump,False,True,calibration_drift
2026-09-04 07:00:00,AWS_SHIMLA,17.7,17.049999999999997,808.5,807.85,97.0,97.5,0.3578645558080767,0.5122656112373717,Low,Sensor fault: reading outside physically possible range,True,False,none
2026-09-04 07:00:00,AWS_DELHI,25.8,25.8,980.9,980.9,97.0,97.0,0.061155333196458356,0.030577666598229178,Normal,Calibration drift: sustained deviation from local climatology,False,False,none
2026-09-04 07:00:00,AWS_GURGAON,14.399999999999999,26.6,979.7,978.6,96.0,93.0,0.32620187664669287,0.6631009383233464,Low,Localized fault: disagrees with neighboring stations,True,True,calibration_drift
2026-09-04 07:00:00,AWS_KOCHI,27.1,27.1,1011.3,1011.3,88.0,88.0,0.10799840782299852,0.22066587057816592,Normal,Data spike: implausible instantaneous jump,False,False,none
2026-09-04 08:00:00,AWS_SHIMLA,18.4,17.15,809.0,808.1500000000001,94.0,97.5,0.2638274344560753,0.2985803838947043,Low,Sensor fault: reading outside physically possible range,True,False,none
2026-09-04 08:00:00,AWS_DELHI,26.8,28.5,981.0,979.8499999999999,90.0,81.5,0.1736566027411641,0.2534949680372487,Low,Data spike: implausible instantaneous jump,True,False,none
2026-09-04 08:00:00,AWS_BLR,33.7,33.7,925.9,925.9,100.0,100.0,0.10647178208980601,0.553235891044903,Normal,Calibration drift: sustained deviation from local climatology,False,True,multivariate_inconsistency
2026-09-04 08:00:00,AWS_NOIDA,26.7,27.7,970.5,980.9,152.0,88.0,0.46611567578594926,0.7330578378929746,Medium,Sensor fault: reading outside physically possible range,True,True,calibration_drift
2026-09-04 08:00:00,AWS_JAISALMER,9.394736842105264,9.394736842105264,979.0,979.0,72.0,72.0,0.05885895141362244,0.02942947570681122,Normal,Data spike: implausible instantaneous jump,False,True,calibration_drift
2026-09-04 08:00:00,AWS_GURGAON,11.8,26.55,980.0,978.7,92.0,93.0,0.3285706336800644,0.6642853168400322,Low,Localized fault: disagrees with neighboring stations,True,True,calibration_drift
2026-09-04 08:00:00,AWS_KOCHI,28.4,28.4,1012.0,1012.0,77.0,77.0,0.14287665882221265,0.23810499607777297,Normal,Data spike: implausible instantaneous jump,False,False,none
2026-09-04 09:00:00,AWS_JAISALMER,11.884210526315789,11.884210526315789,979.6,979.6,66.0,66.0,0.06203692829598181,0.031018464147990903,Normal,Calibration drift: sustained deviation from local climatology,False,True,calibration_drift
2026-09-04 09:00:00,AWS_GURGAON,28.6,26.5,980.6,978.8,82.0,93.0,0.226351610647413,0.4465091386570398,Low,Data spike: implausible instantaneous jump,True,False,none
2026-09-04 09:00:00,AWS_SHIMLA,20.2,17.15,810.6,808.35,86.0,97.0,0.3651654419747839,0.5159160543207253,Low,Sensor fault: reading outside physically possible range,True,False,none
2026-09-04 09:00:00,AWS_KOCHI,29.1,29.1,1011.9,1011.9,74.0,74.0,0.07398971137852241,0.20366152235592785,Normal,Data spike: implausible instantaneous jump,False,True,calibration_drift
2026-09-04 09:00:00,AWS_DELHI,28.5,28.1,981.7,979.9,81.0,82.0,0.18709883899577026,0.2602160861645518,Low,Data spike: implausible instantaneous jump,True,False,none
2026-09-04 09:00:00,AWS_BLR,35.1,35.1,926.2,926.2,100.0,100.0,0.07699630330796466,0.37183148498731566,Normal,Unclassified multivariate anomaly (novel pattern flagged by ML),False,True,multivariate_inconsistency
2026-09-04 09:00:00,AWS_NOIDA,28.2,27.45,970.65,981.05,144.0,90.5,0.4976332125518298,0.748816606275915,Medium,Sensor fault: reading outside physically possible range,True,True,calibration_drift
2026-09-04 10:00:00,AWS_JAISALMER,14.473684210526315,14.473684210526315,979.8,979.8,60.0,60.0,0.046945082061775355,0.023472541030887677,Normal,Calibration drift: sustained deviation from local climatology,False,True,calibration_drift
2026-09-04 10:00:00,AWS_GURGAON,29.9,29.9,980.6,980.6,75.0,75.0,0.11156497569627978,0.22244915451480654,Normal,Data spike: implausible instantaneous jump,False,False,none
2026-09-04 10:00:00,AWS_BLR,36.9,36.9,926.2,926.2,95.0,95.0,0.09132779061278944,0.378997228639728,Normal,Unclassified multivariate anomaly (novel pattern flagged by ML),False,True,multivariate_inconsistency
2026-09-04 10:00:00,AWS_NOIDA,29.4,27.2,969.9,981.2,140.0,93.0,0.44770713961065745,0.7238535698053288,Medium,Sensor fault: reading outside physically possible range,True,True,calibration_drift
2026-09-04 10:00:00,AWS_SHIMLA,22.2,17.15,811.6,808.6,73.0,97.0,0.3914388453412831,0.6957194226706416,Low,Sensor fault: reading outside physically possible range,True,False,none
2026-09-04 10:00:00,AWS_KOCHI,29.6,29.6,1011.8,1011.8,73.0,73.0,0.05725118113621233,0.028625590568106166,Normal,Calibration drift: sustained deviation from local climatology,False,True,calibration_drift
2026-09-04 10:00:00,AWS_DELHI,29.7,29.7,981.7,981.7,78.0,78.0,0.04906353584536253,0.024531767922681264,Normal,none,False,False,none
2026-09-04 11:00:00,AWS_NOIDA,29.0,27.1,968.85,981.75,144.0,93.5,0.450408864676216,0.7252044323381079,Medium,Sensor fault: reading outside physically possible range,True,True,calibration_drift
2026-09-04 11:00:00,AWS_SHIMLA,21.2,17.15,810.8,808.75,73.0,96.5,0.2893274768289297,0.47799707174779815,Low,Sensor fault: reading outside physically possible range,True,False,none
2026-09-04 11:00:00,AWS_KOCHI,29.8,29.8,1011.5,1011.5,74.0,74.0,0.027456088538791643,0.013728044269395822,Normal,Calibration drift: sustained deviation from local climatology,False,True,calibration_drift
2026-09-04 11:00:00,AWS_GURGAON,30.9,30.9,980.4,980.4,72.0,72.0,0.055170866273695794,0.027585433136847897,Normal,Localized fault: disagrees with neighboring stations,False,False,none
2026-09-04 11:00:00,AWS_JAISALMER,17.16315789473684,17.16315789473684,979.5,979.5,53.0,53.0,0.049257046940103404,0.024628523470051702,Normal,Calibration drift: sustained deviation from local climatology,False,True,calibration_drift
2026-09-04 11:00:00,AWS_BLR,37.8,37.8,925.9,925.9,89.0,89.0,0.0935775948306255,0.3801221307486461,Normal,Calibration drift: sustained deviation from local climatology,False,True,multivariate_inconsistency
2026-09-04 11:00:00,AWS_DELHI,29.3,29.3,981.4,981.4,81.0,81.0,0.022581709652145607,0.011290854826072803,Normal,none,False,False,none
2026-09-04 12:00:00,AWS_NOIDA,29.5,27.0,968.0,982.3,142.0,94.0,0.43267142978456125,0.7163357148922807,Medium,Sensor fault: reading outside physically possible range,True,True,calibration_drift
2026-09-04 12:00:00,AWS_GURGAON,28.6,26.5,980.5,978.35,24.0,95.5,0.3110058070835353,0.6555029035417677,Low,Data spike: implausible instantaneous jump,True,True,spike
2026-09-04 12:00:00,AWS_KOCHI,29.6,29.6,1011.1,1011.1,76.0,76.0,0.024008508406048453,0.012004254203024227,Normal,none,False,True,calibration_drift
2026-09-04 12:00:00,AWS_BLR,38.7,38.7,925.7,925.7,87.0,87.0,0.07164284947787078,0.3691547580722687,Normal,Calibration drift: sustained deviation from local climatology,False,True,multivariate_inconsistency
2026-09-04 12:00:00,AWS_SHIMLA,19.6,17.15,810.5,808.9,87.0,96.5,0.3658044980538451,0.5162355823602558,Low,Sensor fault: reading outside physically possible range,True,False,none
2026-09-04 12:00:00,AWS_JAISALMER,44.25263157894737,29.2,979.2,978.5,48.0,60.0,0.1910547959180953,0.42886073129238095,Low,Data spike: implausible instantaneous jump,True,True,calibration_drift
2026-09-04 12:00:00,AWS_DELHI,29.1,29.1,981.4,981.4,81.0,81.0,0.015067656466099805,0.0075338282330499025,Normal,none,False,False,none
2026-09-04 13:00:00,AWS_DELHI,30.2,30.2,980.8,980.8,75.0,75.0,0.0760948069246028,0.0380474034623014,Normal,Data spike: implausible instantaneous jump,False,False,none
2026-09-04 13:00:00,AWS_GURGAON,29.4,26.5,980.0,978.1,21.0,96.0,0.16448200526904708,0.41557433596785687,Low,Unclassified multivariate anomaly (novel pattern flagged by ML),True,True,spike
2026-09-04 13:00:00,AWS_SHIMLA,20.4,17.15,810.6,809.05,86.0,95.0,0.24686636940871465,0.290099851371024,Low,Sensor fault: reading outside physically possible range,True,False,none
2026-09-04 13:00:00,AWS_KOCHI,29.3,29.3,1010.4,1010.4,77.0,77.0,0.04046796354066172,0.02023398177033086,Normal,Data spike: implausible instantaneous jump,False,True,calibration_drift
2026-09-04 13:00:00,AWS_BLR,39.0,39.0,924.8,924.8,85.0,85.0,0.09784801518938928,0.38225734092802793,Normal,Calibration drift: sustained deviation from local climatology,False,True,multivariate_inconsistency
2026-09-04 13:00:00,AWS_JAISALMER,45.9421052631579,45.9421052631579,978.8,978.8,45.0,45.0,0.05135807207543714,0.02567903603771857,Normal,Calibration drift: sustained deviation from local climatology,False,True,calibration_drift
2026-09-04 13:00:00,AWS_NOIDA,28.0,26.95,982.6,982.8,147.0,94.5,0.5435836488661602,0.7717918244330801,Medium,Sensor fault: reading outside physically possible range,True,True,spike
2026-09-04 14:00:00,AWS_SHIMLA,21.6,17.15,810.6,809.05,76.0,94.0,0.3630812376806031,0.5148739521736349,Low,Sensor fault: reading outside physically possible range,True,False,none
2026-09-04 14:00:00,AWS_DELHI,29.5,29.5,980.3,980.3,76.0,76.0,0.014680288241254853,0.007340144120627426,Normal,none,False,False,none
2026-09-04 14:00:00,AWS_GURGAON,30.1,28.15,979.3,979.0999999999999,15.0,85.5,0.31996717128116287,0.6599835856405815,Low,Localized fault: disagrees with neighboring stations,True,True,spike
2026-09-04 14:00:00,AWS_JAISALMER,47.33157894736843,47.33157894736843,978.0,978.0,43.0,43.0,0.11542450277518242,0.22437891805425786,Normal,Data spike: implausible instantaneous jump,False,True,calibration_drift
2026-09-04 14:00:00,AWS_KOCHI,29.1,29.1,1009.3,1009.3,80.0,80.0,0.0770647348471784,0.20519903409025586,Normal,Calibration drift: sustained deviation from local climatology,False,True,calibration_drift
2026-09-04 14:00:00,AWS_BLR,39.3,39.3,924.0,924.0,84.0,84.0,0.08024244819587625,0.37345455743127143,Normal,Calibration drift: sustained deviation from local climatology,False,True,multivariate_inconsistency
2026-09-04 14:00:00,AWS_NOIDA,28.9,26.9,982.0,983.2,83.0,95.0,0.24184121942193237,0.6209206097109662,Low,Data spike: implausible instantaneous jump,True,False,none
2026-09-04 15:00:00,AWS_KOCHI,28.8,28.8,1008.9,1008.9,82.0,82.0,0.04322266799409837,0.18827800066371583,Normal,Calibration drift: sustained deviation from local climatology,False,True,calibration_drift
2026-09-04 15:00:00,AWS_DELHI,29.7,29.7,979.3,979.3,76.0,76.0,0.04550481128823398,0.02275240564411699,Normal,Data spike: implausible instantaneous jump,False,False,none
2026-09-04 15:00:00,AWS_SHIMLA,20.0,17.15,809.1,809.05,88.0,94.0,0.3498403884060101,0.5082535275363383,Low,Sensor fault: reading outside physically possible range,True,False,none
2026-09-04 15:00:00,AWS_JAISALMER,48.321052631578944,48.321052631578944,977.5,977.5,43.0,43.0,0.06507631675087827,0.032538158375439136,Normal,Calibration drift: sustained deviation from local climatology,False,True,calibration_drift
2026-09-04 15:00:00,AWS_GURGAON,29.7,29.9,978.4,980.4,16.0,75.0,0.30920172284443803,0.654600861422219,Low,Localized fault: disagrees with neighboring stations,True,True,spike
2026-09-04 15:00:00,AWS_NOIDA,29.5,29.5,980.9,980.9,80.0,80.0,0.04656807294892539,0.023284036474462696,Normal,Data spike: implausible instantaneous jump,False,False,none
2026-09-04 15:00:00,AWS_BLR,38.8,38.8,923.6,923.6,88.0,88.0,0.0809909020817711,0.20716211770755222,Normal,Calibration drift: sustained deviation from local climatology,False,True,multivariate_inconsistency
2026-09-04 16:00:00,AWS_DELHI,29.7,29.7,978.7,978.7,76.0,76.0,0.02518223967674231,0.012591119838371155,Normal,none,False,False,none
2026-09-04 16:00:00,AWS_BLR,38.8,38.8,923.3,923.3,89.0,89.0,0.06175604277053589,0.1975446880519346,Normal,Calibration drift: sustained deviation from local climatology,False,True,multivariate_inconsistency
2026-09-04 16:00:00,AWS_SHIMLA,17.7,17.15,808.2,809.05,93.0,94.0,0.27215370546101414,0.3027435193971737,Low,Sensor fault: reading outside physically possible range,True,False,none
2026-09-04 16:00:00,AWS_KOCHI,28.4,28.4,1009.1,1009.1,86.0,86.0,0.051310008809726436,0.19232167107152986,Normal,Calibration drift: sustained deviation from local climatology,False,True,calibration_drift
2026-09-04 16:00:00,AWS_JAISALMER,48.71052631578947,48.71052631578947,977.0,977.0,44.0,44.0,0.05197869362421916,0.02598934681210958,Normal,Calibration drift: sustained deviation from local climatology,False,True,calibration_drift
2026-09-04 16:00:00,AWS_GURGAON,29.7,26.7,977.8,980.05,16.0,36.0,0.27898282152095505,0.6394914107604776,Low,Localized fault: disagrees with neighboring stations,True,True,spike
2026-09-04 16:00:00,AWS_NOIDA,29.2,29.2,980.4,980.4,81.0,81.0,0.019869401875832308,0.009934700937916154,Normal,none,False,False,none
2026-09-04 17:00:00,AWS_GURGAON,28.1,26.7,978.2,980.05,26.0,36.0,0.22772189963119344,0.6138609498155967,Low,Unclassified multivariate anomaly (novel pattern flagged by ML),True,True,spike
2026-09-04 17:00:00,AWS_NOIDA,27.7,27.7,980.7,980.7,88.0,88.0,0.07030019253728291,0.035150096268641455,Normal,Data spike: implausible instantaneous jump,False,False,none
2026-09-04 17:00:00,AWS_KOCHI,28.5,28.5,1009.1,1009.1,89.0,89.0,0.04056903011035169,0.1869511817218425,Normal,Calibration drift: sustained deviation from local climatology,False,True,calibration_drift
2026-09-04 17:00:00,AWS_JAISALMER,49.3,49.3,977.0,977.0,46.0,46.0,0.046157282676021885,0.023078641338010943,Normal,Calibration drift: sustained deviation from local climatology,False,True,calibration_drift
2026-09-04 17:00:00,AWS_SHIMLA,17.2,17.15,808.1,809.05,97.0,94.0,0.24195775076066414,0.2876455420469987,Low,Sensor fault: reading outside physically possible range,True,False,none
2026-09-04 17:00:00,AWS_BLR,38.4,38.4,923.6,923.6,87.0,87.0,0.06628578531371472,0.199809559323524,Normal,Calibration drift: sustained deviation from local climatology,False,True,multivariate_inconsistency
2026-09-04 17:00:00,AWS_DELHI,28.9,28.9,979.1,979.1,77.0,77.0,0.04380742855935579,0.021903714279677897,Normal,Localized fault: disagrees with neighboring stations,False,False,none
2026-09-04 18:00:00,AWS_NOIDA,27.2,27.2,981.2,981.2,93.0,93.0,0.04873902394013618,0.02436951197006809,Normal,Calibration drift: sustained deviation from local climatology,False,False,none
2026-09-04 18:00:00,AWS_JAISALMER,32.8,28.25,977.5,979.5,52.0,63.5,0.1652996227311182,0.24931647803222576,Low,Data spike: implausible instantaneous jump,True,False,none
2026-09-04 18:00:00,AWS_KOCHI,27.8,27.8,1010.1,1010.1,95.0,95.0,0.07741130428837309,0.038705652144186545,Normal,Data spike: implausible instantaneous jump,False,True,calibration_drift
2026-09-04 18:00:00,AWS_DELHI,28.1,28.1,979.8,979.8,82.0,82.0,0.06493048331151188,0.03246524165575594,Normal,Data spike: implausible instantaneous jump,False,False,none
2026-09-04 18:00:00,AWS_BLR,36.9,33.7,924.2,923.6,96.0,89.0,0.15308355528558176,0.5765417776427909,Low,Data spike: implausible instantaneous jump,True,True,multivariate_inconsistency
2026-09-04 18:00:00,AWS_GURGAON,27.9,26.7,978.8,980.1,28.0,36.0,0.18272379702002037,0.5913618985100102,Low,Localized fault: disagrees with neighboring stations,True,True,spike
2026-09-04 18:00:00,AWS_SHIMLA,17.3,17.15,808.7,809.05,99.0,94.0,0.24703743816026785,0.2901853857468006,Low,Sensor fault: reading outside physically possible range,True,False,none
2026-09-04 19:00:00,AWS_KOCHI,27.7,27.7,1011.2,1011.2,96.0,96.0,0.06650745980445967,0.033253729902229835,Normal,Data spike: implausible instantaneous jump,False,True,calibration_drift
2026-09-04 19:00:00,AWS_NOIDA,27.0,27.0,982.3,982.3,94.0,94.0,0.053568817874487855,0.026784408937243927,Normal,Calibration drift: sustained deviation from local climatology,False,False,none
2026-09-04 19:00:00,AWS_DELHI,27.7,27.7,980.5,980.5,85.0,85.0,0.05586805675276548,0.02793402837638274,Normal,Localized fault: disagrees with neighboring stations,False,False,none
2026-09-04 19:00:00,AWS_BLR,36.0,36.0,925.0,925.0,100.0,100.0,0.09642992120920817,0.3815482939379374,Normal,Unclassified multivariate anomaly (novel pattern flagged by ML),False,True,multivariate_inconsistency
2026-09-04 19:00:00,AWS_GURGAON,27.2,26.7,979.4,980.1500000000001,34.0,36.0,0.19284298541887535,0.5964214927094377,Low,Localized fault: disagrees with neighboring stations,True,True,spike
2026-09-04 19:00:00,AWS_SHIMLA,17.1,17.15,808.8,809.05,99.0,94.0,0.24226734930546584,0.2878003413193996,Low,Sensor fault: reading outside physically possible range,True,False,none
2026-09-04 19:00:00,AWS_JAISALMER,31.3,31.3,978.3,978.3,58.0,58.0,0.06099273711820107,0.030496368559100536,Normal,Data spike: implausible instantaneous jump,False,False,none
2026-09-04 20:00:00,AWS_NOIDA,26.8,26.8,983.3,983.3,95.0,95.0,0.04894874926594058,0.02447437463297029,Normal,Calibration drift: sustained deviation from local climatology,False,False,none
2026-09-04 20:00:00,AWS_BLR,25.0,28.85,913.3,918.7,70.0,89.0,0.3284166180453646,0.6642083090226822,Low,Data spike: implausible instantaneous jump,True,False,none
2026-09-04 20:00:00,AWS_KOCHI,27.5,27.5,1011.6,1011.6,99.0,99.0,0.05164360317525758,0.19248846825429544,Normal,Calibration drift: sustained deviation from local climatology,False,True,calibration_drift
2026-09-04 20:00:00,AWS_SHIMLA,17.0,17.05,809.4,809.1,97.0,94.0,0.24398660166515976,0.28865996749924655,Low,Sensor fault: reading outside physically possible range,True,False,none
2026-09-04 20:00:00,AWS_JAISALMER,30.5,30.5,978.8,978.8,60.0,60.0,0.015480425727591134,0.007740212863795567,Normal,Calibration drift: sustained deviation from local climatology,False,False,none
2026-09-04 20:00:00,AWS_DELHI,27.2,27.2,981.8,981.8,88.0,88.0,0.0970417712572046,0.21518755229526895,Normal,Data spike: implausible instantaneous jump,False,False,none
2026-09-04 20:00:00,AWS_GURGAON,26.9,26.7,980.8,980.3,33.0,36.0,0.2908660902727397,0.6454330451363699,Low,Localized fault: disagrees with neighboring stations,True,True,spike
2026-09-04 21:00:00,AWS_SHIMLA,16.8,17.05,809.5,809.25,96.0,94.0,0.24068348169656117,0.2870084075149473,Low,Sensor fault: reading outside physically possible range,True,False,none
2026-09-04 21:00:00,AWS_BLR,24.0,24.0,913.6,913.6,73.0,73.0,0.013474319872558588,0.006737159936279294,Normal,none,False,False,none
2026-09-04 21:00:00,AWS_DELHI,27.0,27.0,981.9,981.9,91.0,91.0,0.03691223268375289,0.018456116341876445,Normal,Calibration drift: sustained deviation from local climatology,False,False,none
2026-09-04 21:00:00,AWS_NOIDA,26.8,26.8,983.5,983.5,96.0,96.0,0.032290253068410595,0.016145126534205297,Normal,Calibration drift: sustained deviation from local climatology,False,False,none
2026-09-04 21:00:00,AWS_KOCHI,27.4,28.4,1012.3,1011.1,102.0,89.0,0.29642047764613194,0.4815435721563993,Low,Sensor fault: reading outside physically possible range,True,True,calibration_drift
2026-09-04 21:00:00,AWS_JAISALMER,30.0,30.0,979.5,979.5,61.0,61.0,0.04651257280204087,0.023256286401020437,Normal,Data spike: implausible instantaneous jump,False,False,none
2026-09-04 21:00:00,AWS_GURGAON,26.5,26.7,981.0,980.45,33.0,35.0,0.215173120340764,0.607586560170382,Low,Localized fault: disagrees with neighboring stations,True,True,spike
2026-09-04 22:00:00,AWS_BLR,23.8,23.8,913.9,913.9,73.0,73.0,0.010233555969964916,0.005116777984982458,Normal,none,False,False,none
2026-09-04 22:00:00,AWS_KOCHI,27.2,28.4,1012.8,1011.1,104.0,89.0,0.28710302839916235,0.4768848475329145,Low,Sensor fault: reading outside physically possible range,True,True,calibration_drift
2026-09-04 22:00:00,AWS_JAISALMER,29.3,29.3,979.7,979.7,63.0,63.0,0.016267905848763073,0.008133952924381536,Normal,Calibration drift: sustained deviation from local climatology,False,False,none
2026-09-04 22:00:00,AWS_DELHI,26.3,26.3,982.4,982.4,93.0,93.0,0.048193434210528366,0.024096717105264183,Normal,Calibration drift: sustained deviation from local climatology,False,True,frozen_sensor
2026-09-04 22:00:00,AWS_GURGAON,25.9,26.5,981.4,980.45,35.0,35.0,0.21174626518470926,0.6058731325923546,Low,Localized fault: disagrees with neighboring stations,True,True,spike
2026-09-04 22:00:00,AWS_SHIMLA,16.4,17.05,809.5,809.25,94.0,94.0,0.24429403412745263,0.28881368373039296,Low,Sensor fault: reading outside physically possible range,True,False,none
2026-09-04 22:00:00,AWS_NOIDA,26.4,26.4,984.0,984.0,96.0,96.0,0.025597455546601845,0.012798727773300923,Normal,Calibration drift: sustained deviation from local climatology,False,False,none
2026-09-04 23:00:00,AWS_NOIDA,26.9,26.9,984.0,984.0,95.0,95.0,0.027128133951254726,0.013564066975627363,Normal,Calibration drift: sustained deviation from local climatology,False,False,none
2026-09-04 23:00:00,AWS_GURGAON,26.5,26.4,981.4,980.45,35.0,35.0,0.2087223062787086,0.6043611531393543,Low,Localized fault: disagrees with neighboring stations,True,True,spike
2026-09-04 23:00:00,AWS_BLR,22.4,22.4,913.1,913.1,87.0,87.0,0.14146196704041536,0.23739765018687434,Normal,Data spike: implausible instantaneous jump,False,False,none
2026-09-04 23:00:00,AWS_JAISALMER,29.2,29.2,979.6,979.6,64.0,64.0,0.015669579596201116,0.007834789798100558,Normal,Calibration drift: sustained deviation from local climatology,False,False,none
2026-09-04 23:00:00,AWS_DELHI,26.8,26.8,982.4,982.4,91.0,91.0,0.030396799530337536,0.015198399765168768,Normal,Calibration drift: sustained deviation from local climatology,False,True,frozen_sensor
2026-09-04 23:00:00,AWS_KOCHI,27.4,28.4,1012.3,1011.1,104.0,89.0,0.2847796841408,0.4757231754037333,Low,Sensor fault: reading outside physically possible range,True,True,calibration_drift
2026-09-04 23:00:00,AWS_SHIMLA,16.7,17.05,809.8,809.25,93.0,94.0,0.2477547204293795,0.2905440268813564,Low,Sensor fault: reading outside physically possible range,True,False,none
2026-09-05 00:00:00,AWS_JAISALMER,28.4,28.4,979.5,979.5,68.0,68.0,0.031513080336821715,0.015756540168410858,Normal,Calibration drift: sustained deviation from local climatology,False,False,none
2026-09-05 00:00:00,AWS_KOCHI,27.1,28.4,1011.9,1011.1,105.0,89.0,0.2886799120021353,0.47767328933440095,Low,Sensor fault: reading outside physically possible range,True,True,calibration_drift
2026-09-05 00:00:00,AWS_GURGAON,26.1,26.4,980.9,980.5,37.0,34.5,0.20663053596220857,0.4366486013144376,Low,Localized fault: disagrees with neighboring stations,True,True,spike
2026-09-05 00:00:00,AWS_BLR,22.5,22.5,913.1,913.1,87.0,87.0,0.011671099151827744,0.005835549575913872,Normal,none,False,False,none
2026-09-05 00:00:00,AWS_NOIDA,26.6,26.6,983.5,983.5,96.0,96.0,0.0381725660762747,0.01908628303813735,Normal,Calibration drift: sustained deviation from local climatology,False,False,none
2026-09-05 00:00:00,AWS_DELHI,26.4,26.4,982.4,982.4,95.0,95.0,0.05481836401759935,0.027409182008799673,Normal,Calibration drift: sustained deviation from local climatology,False,True,frozen_sensor
2026-09-05 00:00:00,AWS_SHIMLA,16.0,17.05,809.4,809.25,94.0,94.0,0.2583988997732349,0.2958661165532841,Low,Sensor fault: reading outside physically possible range,True,False,none
2026-09-05 01:00:00,AWS_GURGAON,26.0,26.4,980.6,980.55,37.0,34.5,0.2005383304006344,0.4336024985336505,Low,Localized fault: disagrees with neighboring stations,True,True,spike
2026-09-05 01:00:00,AWS_JAISALMER,28.1,28.1,979.7,979.7,70.0,70.0,0.017723196387994557,0.008861598193997278,Normal,Calibration drift: sustained deviation from local climatology,False,False,none
2026-09-05 01:00:00,AWS_KOCHI,27.0,28.4,1011.4,1011.2,90.0,89.0,0.1638779797253806,0.24860565652935696,Low,Data spike: implausible instantaneous jump,True,False,none
2026-09-05 01:00:00,AWS_DELHI,26.4,26.4,982.4,982.4,97.0,97.0,0.041188587374526894,0.020594293687263447,Normal,Calibration drift: sustained deviation from local climatology,False,True,frozen_sensor
2026-09-05 01:00:00,AWS_SHIMLA,15.7,17.05,808.8,809.25,94.0,94.0,0.26192361048751384,0.2976284719104236,Low,Sensor fault: reading outside physically possible range,True,False,none
2026-09-05 01:00:00,AWS_BLR,22.0,22.0,912.9,912.9,90.0,90.0,0.013203659775517488,0.006601829887758744,Normal,Calibration drift: sustained deviation from local climatology,False,False,none
2026-09-05 01:00:00,AWS_NOIDA,26.4,26.4,983.2,983.2,97.0,97.0,0.04254655479627326,0.02127327739813663,Normal,Calibration drift: sustained deviation from local climatology,False,False,none
2026-09-05 02:00:00,AWS_BLR,21.9,21.9,912.4,912.4,92.0,92.0,0.024404190478093547,0.012202095239046773,Normal,Calibration drift: sustained deviation from local climatology,False,False,none
2026-09-05 02:00:00,AWS_NOIDA,25.9,25.9,983.0,983.0,96.0,96.0,0.04475403892355741,0.022377019461778704,Normal,Calibration drift: sustained deviation from local climatology,False,False,none
2026-09-05 02:00:00,AWS_KOCHI,26.8,26.8,1010.9,1010.9,90.0,90.0,0.010354354953276473,0.0051771774766382365,Normal,none,False,False,none
2026-09-05 02:00:00,AWS_DELHI,25.9,25.9,982.4,982.4,93.0,93.0,0.07185927473463735,0.035929637367318676,Normal,Calibration drift: sustained deviation from local climatology,False,True,frozen_sensor
2026-09-05 02:00:00,AWS_GURGAON,25.9,26.200000000000003,980.2,980.7,37.0,34.5,0.20035165763505203,0.43350916215085933,Low,Localized fault: disagrees with neighboring stations,True,True,spike
2026-09-05 02:00:00,AWS_SHIMLA,15.4,17.05,808.4,809.25,94.0,94.0,0.24904957387138965,0.2911914536023615,Low,Sensor fault: reading outside physically possible range,True,False,none
2026-09-05 02:00:00,AWS_JAISALMER,27.3,27.3,979.7,979.7,73.0,73.0,0.029072327338306204,0.014536163669153102,Normal,Calibration drift: sustained deviation from local climatology,False,False,none
2026-09-05 03:00:00,AWS_SHIMLA,14.8,17.05,807.7,809.25,95.0,94.0,0.2739769373027652,0.4703218019847159,Low,Sensor fault: reading outside physically possible range,True,False,none
2026-09-05 03:00:00,AWS_NOIDA,25.9,25.9,982.8,982.8,97.0,97.0,0.038437865243741126,0.019218932621870563,Normal,Calibration drift: sustained deviation from local climatology,False,False,none
2026-09-05 03:00:00,AWS_DELHI,25.7,25.7,982.4,982.4,97.0,97.0,0.07206038532414853,0.036030192662074266,Normal,Calibration drift: sustained deviation from local climatology,False,True,frozen_sensor
2026-09-05 03:00:00,AWS_GURGAON,25.2,26.05,980.1,980.7,37.0,35.0,0.22113460180543484,0.6105673009027174,Low,Localized fault: disagrees with neighboring stations,True,True,spike
2026-09-05 03:00:00,AWS_JAISALMER,26.3,26.3,979.7,979.7,77.0,77.0,0.041210712831895216,0.020605356415947608,Normal,Calibration drift: sustained deviation from local climatology,False,False,none
2026-09-05 03:00:00,AWS_BLR,21.4,21.4,912.2,912.2,94.0,94.0,0.015205119945541617,0.007602559972770808,Normal,Calibration drift: sustained deviation from local climatology,False,False,none
2026-09-05 03:00:00,AWS_KOCHI,26.6,26.6,1010.5,1010.5,90.0,90.0,0.01093500603133755,0.005467503015668775,Normal,none,False,False,none
2026-09-05 04:00:00,AWS_NOIDA,25.9,25.9,982.6,982.6,97.0,97.0,0.03811496764154641,0.019057483820773206,Normal,Calibration drift: sustained deviation from local climatology,False,False,none
2026-09-05 04:00:00,AWS_BLR,21.0,21.0,912.6,912.6,94.0,94.0,0.020862913829906425,0.010431456914953213,Normal,Calibration drift: sustained deviation from local climatology,False,False,none
2026-09-05 04:00:00,AWS_KOCHI,26.5,26.5,1011.0,1011.0,90.0,90.0,0.009166823409731753,0.0045834117048658765,Normal,none,False,False,none
2026-09-05 04:00:00,AWS_DELHI,25.6,25.6,982.4,982.4,97.0,97.0,0.049050352820636633,0.024525176410318317,Normal,Calibration drift: sustained deviation from local climatology,False,True,frozen_sensor
2026-09-05 04:00:00,AWS_JAISALMER,25.6,25.6,979.7,979.7,78.0,78.0,0.018576000215426748,0.009288000107713374,Normal,Calibration drift: sustained deviation from local climatology,False,False,none
2026-09-05 04:00:00,AWS_SHIMLA,14.3,17.05,807.1,809.4,96.0,94.0,0.27134223614367303,0.46900445140516983,Low,Sensor fault: reading outside physically possible range,True,False,none
2026-09-05 04:00:00,AWS_GURGAON,25.3,26.05,980.0,980.7,38.0,35.0,0.20329664015081705,0.43498165340874184,Low,Localized fault: disagrees with neighboring stations,True,True,spike
2026-09-05 05:00:00,AWS_JAISALMER,25.4,25.4,979.5,979.5,80.0,80.0,0.020788979585948896,0.010394489792974448,Normal,Calibration drift: sustained deviation from local climatology,False,False,none
2026-09-05 05:00:00,AWS_KOCHI,26.5,26.5,1011.3,1011.3,93.0,93.0,0.03114463136468395,0.015572315682341974,Normal,Calibration drift: sustained deviation from local climatology,False,False,none
2026-09-05 05:00:00,AWS_DELHI,25.6,25.6,982.4,982.4,97.0,97.0,0.050868761422108555,0.025434380711054277,Normal,Calibration drift: sustained deviation from local climatology,False,True,frozen_sensor
2026-09-05 05:00:00,AWS_SHIMLA,14.7,17.05,807.8,809.45,100.0,94.0,0.28918531942432646,0.47792599304549654,Low,Sensor fault: reading outside physically possible range,True,False,none
2026-09-05 05:00:00,AWS_GURGAON,25.4,26.05,980.1,980.7,37.0,35.0,0.20359753443168985,0.4351321005491782,Low,Localized fault: disagrees with neighboring stations,True,True,spike
2026-09-05 05:00:00,AWS_BLR,21.3,21.3,913.0,913.0,93.0,93.0,0.016095261167272192,0.008047630583636096,Normal,Calibration drift: sustained deviation from local climatology,False,False,none
2026-09-05 05:00:00,AWS_NOIDA,25.2,25.2,983.1,983.1,96.0,96.0,0.05569644413606771,0.027848222068033855,Normal,Calibration drift: sustained deviation from local climatology,False,True,frozen_sensor
2026-09-05 06:00:00,AWS_DELHI,25.1,25.1,982.4,982.4,97.0,97.0,0.07433503836433725,0.037167519182168623,Normal,Calibration drift: sustained deviation from local climatology,False,True,frozen_sensor
2026-09-05 06:00:00,AWS_JAISALMER,24.9,24.9,979.8,979.8,82.0,82.0,0.028206367731839828,0.014103183865919914,Normal,Calibration drift: sustained deviation from local climatology,False,False,none
2026-09-05 06:00:00,AWS_SHIMLA,14.3,17.05,807.9,809.45,100.0,94.0,0.25965885026167324,0.46316275846416993,Low,Sensor fault: reading outside physically possible range,True,False,none
2026-09-05 06:00:00,AWS_GURGAON,25.3,26.05,980.5,980.7,38.0,35.0,0.20458458532464477,0.4356256259956557,Low,Localized fault: disagrees with neighboring stations,True,True,spike
2026-09-05 06:00:00,AWS_KOCHI,26.2,26.2,1011.9,1011.9,95.0,95.0,0.04022639645320479,0.020113198226602395,Normal,Calibration drift: sustained deviation from local climatology,False,False,none
2026-09-05 06:00:00,AWS_NOIDA,25.2,25.2,982.8,982.8,96.0,96.0,0.0513845866078975,0.02569229330394875,Normal,Calibration drift: sustained deviation from local climatology,False,True,frozen_sensor
2026-09-05 06:00:00,AWS_BLR,20.9,20.9,913.2,913.2,94.0,94.0,0.016333997481802618,0.008166998740901309,Normal,Calibration drift: sustained deviation from local climatology,False,False,none
2026-09-05 07:00:00,AWS_GURGAON,25.2,26.8,981.5,979.7,37.0,95.0,0.24366784407289463,0.6218339220364473,Low,Localized fault: disagrees with neighboring stations,True,True,spike
2026-09-05 07:00:00,AWS_SHIMLA,16.1,16.9,809.1,809.45,99.0,94.0,0.341629050154949,0.5041478584108078,Low,Sensor fault: reading outside physically possible range,True,False,none
2026-09-05 07:00:00,AWS_NOIDA,25.5,25.5,984.0,984.0,96.0,96.0,0.08990974158789061,0.21162153746061196,Normal,Data spike: implausible instantaneous jump,False,True,frozen_sensor
2026-09-05 07:00:00,AWS_KOCHI,27.1,27.1,1012.3,1012.3,89.0,89.0,0.0932219421105645,0.2132776377219489,Normal,Data spike: implausible instantaneous jump,False,False,none
2026-09-05 07:00:00,AWS_BLR,21.8,21.8,914.1,914.1,86.0,86.0,0.07832952260525732,0.20583142796929532,Normal,Data spike: implausible instantaneous jump,False,False,none
2026-09-05 07:00:00,AWS_JAISALMER,25.4,25.4,980.4,980.4,81.0,81.0,0.04921556526170011,0.024607782630850054,Normal,Calibration drift: sustained deviation from local climatology,False,False,none
2026-09-05 07:00:00,AWS_DELHI,25.5,25.5,982.4,982.4,95.0,95.0,0.08638205071634084,0.04319102535817042,Normal,Sensor fault: value frozen (stuck sensor / comms cache),False,True,frozen_sensor
2026-09-05 08:00:00,AWS_KOCHI,28.4,28.4,1012.8,1012.8,79.0,79.0,0.14713548547075714,0.2402344094020452,Normal,Data spike: implausible instantaneous jump,False,False,none
2026-09-05 08:00:00,AWS_DELHI,25.6,25.6,982.4,982.4,94.0,94.0,0.10202303946321635,0.21767818639827483,Normal,Sensor fault: value frozen (stuck sensor / comms cache),False,True,frozen_sensor
2026-09-05 08:00:00,AWS_JAISALMER,26.6,26.6,981.0,981.0,75.0,75.0,0.08730553538494766,0.2103194343591405,Normal,Data spike: implausible instantaneous jump,False,False,none
2026-09-05 08:00:00,AWS_GURGAON,25.5,26.75,981.8,979.75,35.0,94.5,0.22846765851238074,0.6142338292561904,Low,Localized fault: disagrees with neighboring stations,True,True,spike
2026-09-05 08:00:00,AWS_NOIDA,25.9,25.9,984.3,984.3,96.0,96.0,0.03144022018833139,0.015720110094165695,Normal,Calibration drift: sustained deviation from local climatology,False,True,frozen_sensor
2026-09-05 08:00:00,AWS_SHIMLA,17.5,16.75,810.4,809.45,90.0,94.0,0.37619396479030687,0.5214303157284867,Low,Sensor fault: reading outside physically possible range,True,False,none
2026-09-05 08:00:00,AWS_BLR,23.6,23.6,914.9,914.9,74.0,74.0,0.10126668725416806,0.21730001029375068,Normal,Data spike: implausible instantaneous jump,False,False,none
2026-09-05 09:00:00,AWS_NOIDA,26.6,26.6,985.1,985.1,96.0,96.0,0.07091755674282549,0.035458778371412744,Normal,Data spike: implausible instantaneous jump,False,True,frozen_sensor
2026-09-05 09:00:00,AWS_KOCHI,29.2,29.2,1013.0,1013.0,75.0,75.0,0.09791671426854617,0.3822916904676064,Normal,Data spike: implausible instantaneous jump,False,False,none
2026-09-05 09:00:00,AWS_GURGAON,25.8,26.7,982.6,979.8,35.0,94.0,0.23900117279254804,0.619500586396274,Low,Localized fault: disagrees with neighboring stations,True,True,spike
2026-09-05 09:00:00,AWS_BLR,25.8,25.8,915.3,915.3,62.0,62.0,0.09324415992618455,0.21328874662975894,Normal,Data spike: implausible instantaneous jump,False,False,none
2026-09-05 09:00:00,AWS_SHIMLA,20.0,16.6,811.9,809.45,73.0,94.0,0.4460793296418295,0.7230396648209148,Medium,Sensor fault: reading outside physically possible range,True,False,none
2026-09-05 09:00:00,AWS_DELHI,26.5,25.799999999999997,982.4,982.4,91.0,95.0,0.17908413841949605,0.2562087358764147,Low,Sensor fault: value frozen (stuck sensor / comms cache),True,True,frozen_sensor
2026-09-05 09:00:00,AWS_JAISALMER,28.1,28.1,981.6,981.6,69.0,69.0,0.09157825936108087,0.2124557963472071,Normal,Data spike: implausible instantaneous jump,False,False,none
2026-09-05 10:00:00,AWS_KOCHI,29.5,29.5,1012.7,1012.7,74.0,74.0,0.038680465758052576,0.019340232879026288,Normal,Calibration drift: sustained deviation from local climatology,False,False,none
2026-09-05 10:00:00,AWS_DELHI,27.5,25.799999999999997,982.4,982.4,87.0,95.0,0.22333890765031034,0.2783361204918218,Low,Sensor fault: value frozen (stuck sensor / comms cache),True,True,frozen_sensor
2026-09-05 10:00:00,AWS_NOIDA,27.6,27.6,985.3,985.3,96.0,96.0,0.08421737664861638,0.20877535499097485,Normal,Data spike: implausible instantaneous jump,False,True,frozen_sensor
2026-09-05 10:00:00,AWS_GURGAON,26.3,26.549999999999997,982.7,980.0,34.0,94.0,0.19335260916455668,0.5966763045822784,Low,Localized fault: disagrees with neighboring stations,True,True,spike
2026-09-05 10:00:00,AWS_BLR,27.8,25.8,885.4,912.2,51.0,62.0,0.3660291515185457,0.6830145757592728,Low,Data spike: implausible instantaneous jump,True,True,spike
2026-09-05 10:00:00,AWS_SHIMLA,21.8,16.45,812.9,809.4,64.0,94.0,0.41391554864127994,0.70695777432064,Medium,Sensor fault: reading outside physically possible range,True,False,none
2026-09-05 10:00:00,AWS_JAISALMER,29.6,29.6,981.9,981.9,64.0,64.0,0.06651267278675735,0.033256336393378674,Normal,Data spike: implausible instantaneous jump,False,False,none
2026-09-05 11:00:00,AWS_GURGAON,27.2,26.4,982.5,980.2,29.0,94.0,0.3100830785638165,0.6550415392819082,Low,Localized fault: disagrees with neighboring stations,True,True,spike
2026-09-05 11:00:00,AWS_DELHI,27.9,25.799999999999997,982.4,982.4,87.0,95.0,0.18586516273592005,0.2595992480346267,Low,Sensor fault: value frozen (stuck sensor / comms cache),True,True,frozen_sensor
2026-09-05 11:00:00,AWS_KOCHI,29.8,29.8,1012.5,1012.5,74.0,74.0,0.031197468451480047,0.015598734225740023,Normal,Calibration drift: sustained deviation from local climatology,False,False,none
2026-09-05 11:00:00,AWS_NOIDA,28.5,28.5,984.9,984.9,86.0,86.0,0.1434929039620465,0.2384131186476899,Normal,Data spike: implausible instantaneous jump,False,False,none
2026-09-05 11:00:00,AWS_JAISALMER,31.6,31.6,981.8,981.8,57.0,57.0,0.08194215682936407,0.2076377450813487,Normal,Data spike: implausible instantaneous jump,False,False,none
2026-09-05 11:00:00,AWS_SHIMLA,20.8,16.35,812.1,809.25,73.0,94.0,0.35546816460688796,0.677734082303444,Low,Sensor fault: reading outside physically possible range,True,False,none
2026-09-05 11:00:00,AWS_BLR,29.3,29.3,885.5,885.5,45.0,45.0,0.10603799410986668,0.38635233038826666,Normal,Calibration drift: sustained deviation from local climatology,False,True,spike
2026-09-05 12:00:00,AWS_SHIMLA,22.3,16.15,812.6,809.25,68.0,94.0,0.32569337654301134,0.496180021604839,Low,Sensor fault: reading outside physically possible range,True,False,none
2026-09-05 12:00:00,AWS_NOIDA,26.8,26.8,984.6,984.6,91.0,91.0,0.1366180784485475,0.2349757058909404,Normal,Data spike: implausible instantaneous jump,False,False,none
2026-09-05 12:00:00,AWS_BLR,30.2,30.2,884.8,884.8,41.0,41.0,0.09891410733842995,0.3827903870025483,Normal,Calibration drift: sustained deviation from local climatology,False,True,spike
2026-09-05 12:00:00,AWS_JAISALMER,32.8,32.8,981.7,981.7,52.0,52.0,0.04773129655191714,0.02386564827595857,Normal,Calibration drift: sustained deviation from local climatology,False,False,none
2026-09-05 12:00:00,AWS_DELHI,27.6,25.799999999999997,982.4,982.4,87.0,95.0,0.20791284973773314,0.2706230915355332,Low,Sensor fault: value frozen (stuck sensor / comms cache),True,True,frozen_sensor
2026-09-05 12:00:00,AWS_GURGAON,28.0,26.35,982.0,980.75,25.0,94.5,0.29453018657211044,0.6472650932860552,Low,Localized fault: disagrees with neighboring stations,True,True,spike
2026-09-05 12:00:00,AWS_KOCHI,29.5,29.5,1011.8,1011.8,75.0,75.0,0.06032219746847157,0.030161098734235784,Normal,Data spike: implausible instantaneous jump,False,False,none
2026-09-05 13:00:00,AWS_NOIDA,26.4,26.4,983.9,983.9,91.0,91.0,0.07605706750848308,0.2046952004209082,Normal,Data spike: implausible instantaneous jump,False,False,none
2026-09-05 13:00:00,AWS_SHIMLA,22.4,16.15,812.2,809.2,65.0,94.0,0.298798056088872,0.6493990280444359,Low,Sensor fault: reading outside physically possible range,True,False,none
2026-09-05 13:00:00,AWS_JAISALMER,33.7,33.7,980.9,980.9,49.0,49.0,0.07879192127781527,0.2060626273055743,Normal,Data spike: implausible instantaneous jump,False,False,none
2026-09-05 13:00:00,AWS_BLR,30.7,30.7,884.1,884.1,40.0,40.0,0.0851621069194769,0.37591438679307176,Normal,Calibration drift: sustained deviation from local climatology,False,True,spike
2026-09-05 13:00:00,AWS_GURGAON,26.0,26.3,981.4,981.3,32.0,95.0,0.27471379881256697,0.6373568994062835,Low,Data spike: implausible instantaneous jump,True,True,spike
2026-09-05 13:00:00,AWS_DELHI,36.0,25.799999999999997,970.4,982.4,100.0,94.5,0.5508602317424103,0.7754301158712051,Medium,Data spike: implausible instantaneous jump,True,True,multivariate_inconsistency
2026-09-05 13:00:00,AWS_KOCHI,29.5,29.5,1011.0,1011.0,75.0,75.0,0.0634822017345147,0.198407767533924,Normal,Data spike: implausible instantaneous jump,False,False,none
2026-09-05 14:00:00,AWS_GURGAON,25.7,26.3,979.9,981.05,35.0,95.0,0.2407997763562776,0.6203998881781388,Low,Localized fault: disagrees with neighboring stations,True,True,spike
2026-09-05 14:00:00,AWS_KOCHI,29.3,29.3,1009.8,1009.8,77.0,77.0,0.09605549717400881,0.21469441525367106,Normal,Data spike: implausible instantaneous jump,False,False,none
2026-09-05 14:00:00,AWS_SHIMLA,18.3,16.15,809.6,809.2,86.0,94.0,0.46877880353869916,0.7343894017693495,Medium,Sensor fault: reading outside physically possible range,True,False,none
2026-09-05 14:00:00,AWS_DELHI,36.0,25.799999999999997,970.4,982.4,100.0,93.5,0.2437881393109204,0.6218940696554602,Low,Localized fault: disagrees with neighboring stations,True,True,multivariate_inconsistency
2026-09-05 14:00:00,AWS_NOIDA,26.4,26.4,982.4,983.8,95.0,95.0,0.15497898118490583,0.24415615725911957,Low,Data spike: implausible instantaneous jump,True,False,none
2026-09-05 14:00:00,AWS_JAISALMER,34.2,34.2,980.2,980.2,47.0,47.0,0.06142664174416849,0.030713320872084244,Normal,Data spike: implausible instantaneous jump,False,False,none
2026-09-05 14:00:00,AWS_BLR,30.8,30.8,882.8,882.8,39.0,39.0,0.11830991608412039,0.5591549580420602,Normal,Calibration drift: sustained deviation from local climatology,False,True,spike
2026-09-05 15:00:00,AWS_DELHI,36.8,25.7,970.4,982.4,100.0,93.0,0.25920619999247774,0.6296030999962389,Low,Localized fault: disagrees with neighboring stations,True,True,multivariate_inconsistency
2026-09-05 15:00:00,AWS_BLR,30.6,30.6,882.4,882.4,40.0,40.0,0.06862171269325516,0.3676441896799609,Normal,Calibration drift: sustained deviation from local climatology,False,True,spike
2026-09-05 15:00:00,AWS_SHIMLA,19.0,16.15,809.9,809.2,87.0,94.5,0.2406805649643266,0.28700694914882996,Low,Sensor fault: reading outside physically possible range,True,False,none
2026-09-05 15:00:00,AWS_NOIDA,26.9,26.9,982.5,982.5,94.0,94.0,0.050447247975417,0.0252236239877085,Normal,Localized fault: disagrees with neighboring stations,False,False,none
2026-09-05 15:00:00,AWS_KOCHI,29.1,29.1,1009.4,1009.4,77.0,77.0,0.03290560853219575,0.18311947093276454,Normal,Calibration drift: sustained deviation from local climatology,False,False,none
2026-09-05 15:00:00,AWS_GURGAON,26.6,26.3,979.9,980.8,92.0,95.0,0.22811501252420338,0.447390839595435,Low,Data spike: implausible instantaneous jump,True,False,none
2026-09-05 15:00:00,AWS_JAISALMER,34.2,34.2,979.4,979.4,47.0,47.0,0.04731421341911208,0.02365710670955604,Normal,Calibration drift: sustained deviation from local climatology,False,False,none
2026-09-05 16:00:00,AWS_NOIDA,27.3,27.3,982.2,982.2,92.0,92.0,0.051573303461285615,0.025786651730642807,Normal,Data spike: implausible instantaneous jump,False,False,none
2026-09-05 16:00:00,AWS_KOCHI,28.7,28.7,1009.6,1009.6,79.0,79.0,0.037307982527071404,0.018653991263535702,Normal,Calibration drift: sustained deviation from local climatology,False,False,none
2026-09-05 16:00:00,AWS_BLR,30.0,30.0,882.3,882.3,42.0,42.0,0.0663594502669458,0.3665130584668062,Normal,Calibration drift: sustained deviation from local climatology,False,True,spike
2026-09-05 16:00:00,AWS_SHIMLA,19.0,16.15,809.7,809.2,86.0,94.0,0.23932771804557418,0.2863305256894537,Low,Sensor fault: reading outside physically possible range,True,False,none
2026-09-05 16:00:00,AWS_GURGAON,27.2,27.2,979.7,979.7,88.0,88.0,0.05890837156847431,0.029454185784237155,Normal,Calibration drift: sustained deviation from local climatology,False,False,none
2026-09-05 16:00:00,AWS_DELHI,37.0,25.65,970.4,982.4,100.0,93.0,0.23389165553736196,0.616945827768681,Low,Localized fault: disagrees with neighboring stations,True,True,multivariate_inconsistency
2026-09-05 16:00:00,AWS_JAISALMER,33.9,33.9,979.0,979.0,48.0,48.0,0.023778618968572543,0.011889309484286271,Normal,Calibration drift: sustained deviation from local climatology,False,False,none
2026-09-05 17:00:00,AWS_SHIMLA,17.6,16.35,809.4,809.2,96.0,93.0,0.26588379553615293,0.29960856443474315,Low,Sensor fault: reading outside physically possible range,True,False,none
2026-09-05 17:00:00,AWS_KOCHI,28.9,28.9,1009.6,1009.6,80.0,80.0,0.02663681898411444,0.01331840949205722,Normal,Calibration drift: sustained deviation from local climatology,False,True,calibration_drift
2026-09-05 17:00:00,AWS_GURGAON,26.8,26.8,979.4,979.4,95.0,95.0,0.07911345512149597,0.03955672756074798,Normal,Data spike: implausible instantaneous jump,False,False,none
2026-09-05 17:00:00,AWS_DELHI,37.3,25.65,970.4,982.4,100.0,93.0,0.23726434964276114,0.6186321748213806,Low,Localized fault: disagrees with neighboring stations,True,True,multivariate_inconsistency
2026-09-05 17:00:00,AWS_BLR,30.2,30.2,882.1,882.1,40.0,40.0,0.06662421807941606,0.36664544237304136,Normal,Calibration drift: sustained deviation from local climatology,False,True,spike
2026-09-05 17:00:00,AWS_JAISALMER,34.4,34.4,978.6,978.6,44.0,44.0,0.03551458113422809,0.017757290567114045,Normal,Calibration drift: sustained deviation from local climatology,False,False,none
2026-09-05 17:00:00,AWS_NOIDA,27.3,27.3,981.9,981.9,93.0,93.0,0.06409921388501451,0.1987162736091739,Normal,Localized fault: disagrees with neighboring stations,False,False,none
2026-09-05 18:00:00,AWS_BLR,28.7,28.7,882.5,882.5,46.0,46.0,0.08452249697915096,0.3755945818229088,Normal,Calibration drift: sustained deviation from local climatology,False,True,spike
2026-09-05 18:00:00,AWS_KOCHI,28.1,28.1,1010.5,1010.5,84.5,84.5,0.06648973651953365,0.1999115349264335,Normal,Data spike: implausible instantaneous jump,False,True,calibration_drift
2026-09-05 18:00:00,AWS_JAISALMER,33.0,33.0,978.8,978.8,49.0,49.0,0.03900697887535797,0.019503489437678986,Normal,Calibration drift: sustained deviation from local climatology,False,False,none
2026-09-05 18:00:00,AWS_DELHI,37.0,25.65,968.7,982.4,100.0,93.0,0.3792574458912125,0.6896287229456063,Low,Data spike: implausible instantaneous jump,True,True,multivariate_inconsistency
2026-09-05 18:00:00,AWS_GURGAON,26.7,26.7,979.8,979.8,95.0,95.0,0.04200487666183864,0.02100243833091932,Normal,Calibration drift: sustained deviation from local climatology,False,False,none
2026-09-05 18:00:00,AWS_SHIMLA,16.5,16.35,809.0,809.2,99.0,93.0,0.24901351495346602,0.29117342414339964,Low,Sensor fault: reading outside physically possible range,True,False,none
2026-09-05 18:00:00,AWS_NOIDA,27.0,27.0,982.3,982.3,93.0,93.0,0.07176158171646042,0.20254745752489686,Normal,Localized fault: disagrees with neighboring stations,False,False,none
2026-09-05 19:00:00,AWS_DELHI,36.9,25.65,969.2,982.0999999999999,100.0,93.0,0.3208580582848897,0.6604290291424448,Low,Localized fault: disagrees with neighboring stations,True,True,multivariate_inconsistency
2026-09-05 19:00:00,AWS_JAISALMER,31.4,31.4,979.7,979.7,55.0,55.0,0.05099400192616895,0.025497000963084476,Normal,Calibration drift: sustained deviation from local climatology,False,False,none
2026-09-05 19:00:00,AWS_SHIMLA,16.2,16.35,809.1,809.2,98.0,93.0,0.24452640970676962,0.28892987152005145,Low,Sensor fault: reading outside physically possible range,True,False,none
2026-09-05 19:00:00,AWS_NOIDA,26.9,26.9,982.8,982.8,93.0,93.0,0.08341999632568424,0.20837666482950878,Normal,Localized fault: disagrees with neighboring stations,False,False,none
2026-09-05 19:00:00,AWS_BLR,27.7,27.7,883.4,883.4,51.0,51.0,0.07992043745407693,0.2066268853937051,Normal,Calibration drift: sustained deviation from local climatology,False,True,spike
2026-09-05 19:00:00,AWS_KOCHI,27.9,27.9,1011.6,1011.6,84.0,84.0,0.04511675781548298,0.02255837890774149,Normal,Data spike: implausible instantaneous jump,False,True,calibration_drift
2026-09-05 19:00:00,AWS_GURGAON,26.4,26.4,980.2,980.2,94.0,94.0,0.04416894798274462,0.02208447399137231,Normal,Calibration drift: sustained deviation from local climatology,False,False,none
2026-09-05 20:00:00,AWS_SHIMLA,15.8,16.35,809.1,809.3,97.0,93.0,0.24592172180128122,0.28962752756730725,Low,Sensor fault: reading outside physically possible range,True,False,none
2026-09-05 20:00:00,AWS_KOCHI,27.7,27.7,1012.3,1012.3,84.5,84.5,0.02555257302656244,0.01277628651328122,Normal,Calibration drift: sustained deviation from local climatology,False,True,calibration_drift
2026-09-05 20:00:00,AWS_BLR,27.1,27.1,883.9,883.9,54.0,54.0,0.058641124869936945,0.19598722910163513,Normal,Calibration drift: sustained deviation from local climatology,False,True,spike
2026-09-05 20:00:00,AWS_NOIDA,26.7,26.7,983.8,983.8,94.0,94.0,0.08510192468751476,0.20921762901042404,Normal,Data spike: implausible instantaneous jump,False,False,none
2026-09-05 20:00:00,AWS_JAISALMER,30.5,30.5,980.2,980.2,57.0,57.0,0.024909160781677663,0.012454580390838832,Normal,Calibration drift: sustained deviation from local climatology,False,False,none
2026-09-05 20:00:00,AWS_GURGAON,26.3,26.3,981.3,981.3,94.0,94.0,0.11859004627797189,0.39262835647231925,Normal,Data spike: implausible instantaneous jump,False,False,none
2026-09-05 20:00:00,AWS_DELHI,26.9,25.65,982.2,982.0999999999999,90.0,93.0,0.38312655653522315,0.6915632782676115,Low,Data spike: implausible instantaneous jump,True,False,none
2026-09-05 21:00:00,AWS_BLR,26.6,26.6,884.3,884.3,56.0,56.0,0.05309456766341909,0.1932139504983762,Normal,Calibration drift: sustained deviation from local climatology,False,True,spike
2026-09-05 21:00:00,AWS_NOIDA,26.4,26.4,984.3,984.3,94.0,94.0,0.03210398043875946,0.01605199021937973,Normal,Calibration drift: sustained deviation from local climatology,False,False,none
2026-09-05 21:00:00,AWS_SHIMLA,15.5,16.35,809.1,809.3,96.0,94.0,0.24749411799565876,0.290413725664496,Low,Sensor fault: reading outside physically possible range,True,False,none
2026-09-05 21:00:00,AWS_JAISALMER,29.9,29.9,980.7,980.7,59.0,59.0,0.028291204030022905,0.014145602015011452,Normal,Calibration drift: sustained deviation from local climatology,False,False,none
2026-09-05 21:00:00,AWS_GURGAON,26.3,26.3,981.7,981.7,94.0,94.0,0.06963903926452937,0.20148618629893134,Normal,Localized fault: disagrees with neighboring stations,False,False,none
2026-09-05 21:00:00,AWS_KOCHI,27.5,27.5,1012.7,1012.7,84.0,84.0,0.023960427221138444,0.011980213610569222,Normal,Calibration drift: sustained deviation from local climatology,False,True,calibration_drift
2026-09-05 21:00:00,AWS_DELHI,26.7,26.7,982.6,982.6,90.0,90.0,0.09883086974175542,0.21608210153754437,Normal,Data spike: implausible instantaneous jump,False,False,none
2026-09-05 22:00:00,AWS_DELHI,26.5,26.5,982.6,982.6,91.0,91.0,0.032357133063562596,0.016178566531781298,Normal,Calibration drift: sustained deviation from local climatology,False,False,none
2026-09-05 22:00:00,AWS_GURGAON,26.2,26.2,981.7,981.7,95.0,95.0,0.06923362012772966,0.20128347673053149,Normal,Localized fault: disagrees with neighboring stations,False,False,none
2026-09-05 22:00:00,AWS_SHIMLA,15.1,16.35,808.7,809.3,96.0,94.0,0.2519715826991043,0.2926524580162188,Low,Sensor fault: reading outside physically possible range,True,False,none
2026-09-05 22:00:00,AWS_BLR,25.6,25.6,884.5,884.5,61.0,61.0,0.09053171133342974,0.21193252233338153,Normal,Calibration drift: sustained deviation from local climatology,False,True,spike
2026-09-05 22:00:00,AWS_KOCHI,27.4,27.4,1013.1,1013.1,83.5,83.5,0.029481792764147016,0.18140756304874017,Normal,Calibration drift: sustained deviation from local climatology,False,True,calibration_drift
2026-09-05 22:00:00,AWS_NOIDA,26.2,26.2,984.2,984.2,95.0,95.0,0.02150565255665837,0.010752826278329184,Normal,Calibration drift: sustained deviation from local climatology,False,False,none
2026-09-05 22:00:00,AWS_JAISALMER,29.3,29.3,981.0,981.0,62.0,62.0,0.021149598649170084,0.010574799324585042,Normal,Calibration drift: sustained deviation from local climatology,False,False,none
2026-09-05 23:00:00,AWS_KOCHI,27.5,27.5,1013.2,1013.2,81.0,81.0,0.06640070254941924,0.1998670179413763,Normal,Calibration drift: sustained deviation from local climatology,False,True,calibration_drift
2026-09-05 23:00:00,AWS_BLR,25.4,25.4,884.3,884.3,62.0,62.0,0.05156186036221353,0.19244759684777343,Normal,Calibration drift: sustained deviation from local climatology,False,True,spike
2026-09-05 23:00:00,AWS_NOIDA,26.4,26.4,984.4,984.4,94.0,94.0,0.022812704520023187,0.011406352260011594,Normal,Calibration drift: sustained deviation from local climatology,False,False,none
2026-09-05 23:00:00,AWS_DELHI,26.7,26.7,982.9,982.9,90.0,90.0,0.06371370620958168,0.03185685310479084,Normal,Calibration drift: sustained deviation from local climatology,False,False,none
2026-09-05 23:00:00,AWS_SHIMLA,16.1,16.35,809.6,809.3,92.0,94.0,0.2760835588537216,0.30470844609352743,Low,Sensor fault: reading outside physically possible range,True,False,none
2026-09-05 23:00:00,AWS_GURGAON,26.1,26.1,981.9,981.9,95.0,95.0,0.07763340885440756,0.20548337109387044,Normal,Localized fault: disagrees with neighboring stations,False,False,none
2026-09-05 23:00:00,AWS_JAISALMER,29.0,29.0,980.7,980.7,62.0,62.0,0.019189877525003184,0.009594938762501592,Normal,Calibration drift: sustained deviation from local climatology,False,False,none
2026-09-06 00:00:00,AWS_SHIMLA,15.6,16.35,809.3,809.3,91.0,94.0,0.252563308083399,0.2929483207083662,Low,Sensor fault: reading outside physically possible range,True,False,none
2026-09-06 00:00:00,AWS_KOCHI,37.2,29.1,1024.7,1011.8,100.0,84.0,0.4305021539650914,0.7152510769825458,Medium,Data spike: implausible instantaneous jump,True,True,multivariate_inconsistency
2026-09-06 00:00:00,AWS_BLR,24.1,24.1,883.8,883.8,69.0,69.0,0.13439039973085862,0.5671951998654293,Normal,Data spike: implausible instantaneous jump,False,True,spike
2026-09-06 00:00:00,AWS_JAISALMER,28.3,28.3,980.1,980.1,64.0,64.0,0.030279761350583762,0.015139880675291881,Normal,Calibration drift: sustained deviation from local climatology,False,False,none
2026-09-06 00:00:00,AWS_DELHI,26.3,26.3,982.5,982.5,90.0,90.0,0.05461783595548785,0.027308917977743926,Normal,Calibration drift: sustained deviation from local climatology,False,False,none
2026-09-06 00:00:00,AWS_GURGAON,25.8,25.8,981.4,981.4,96.0,96.0,0.0912063008822605,0.2122698171077969,Normal,Localized fault: disagrees with neighboring stations,False,False,none
2026-09-06 00:00:00,AWS_NOIDA,25.7,25.7,984.0,984.0,95.0,95.0,0.07217588963264962,0.20275461148299145,Normal,Data spike: implausible instantaneous jump,False,False,none
2026-09-06 01:00:00,AWS_GURGAON,25.7,25.7,980.8,980.8,95.0,95.0,0.09236492285699978,0.21284912809516654,Normal,Localized fault: disagrees with neighboring stations,False,False,none
2026-09-06 01:00:00,AWS_SHIMLA,14.8,16.35,808.1,809.3,94.0,94.0,0.29641186697786165,0.3148726001555975,Low,Sensor fault: reading outside physically possible range,True,False,none
2026-09-06 01:00:00,AWS_BLR,23.5,23.5,883.4,883.4,74.0,74.0,0.09382772506724033,0.2135805292002868,Normal,Calibration drift: sustained deviation from local climatology,False,True,spike
2026-09-06 01:00:00,AWS_DELHI,26.1,26.1,981.7,981.7,90.0,90.0,0.10349118021748845,0.21841225677541087,Normal,Data spike: implausible instantaneous jump,False,False,none
2026-09-06 01:00:00,AWS_NOIDA,25.7,25.7,983.2,983.2,95.0,95.0,0.06356579227332501,0.031782896136662506,Normal,Data spike: implausible instantaneous jump,False,False,none
2026-09-06 01:00:00,AWS_KOCHI,36.8,36.8,1024.1,1024.1,100.0,100.0,0.14523942355177194,0.40595304510921926,Normal,Calibration drift: sustained deviation from local climatology,False,True,multivariate_inconsistency
2026-09-06 01:00:00,AWS_JAISALMER,27.8,27.8,980.2,980.2,67.0,67.0,0.02817198133402418,0.01408599066701209,Normal,Calibration drift: sustained deviation from local climatology,False,False,none
2026-09-06 02:00:00,AWS_JAISALMER,27.2,27.2,979.6,979.6,71.0,71.0,0.040313309156952803,0.020156654578476402,Normal,Calibration drift: sustained deviation from local climatology,False,False,none
2026-09-06 02:00:00,AWS_NOIDA,25.5,25.5,982.9,982.9,95.0,95.0,0.026661896161655405,0.013330948080827703,Normal,Calibration drift: sustained deviation from local climatology,False,False,none
2026-09-06 02:00:00,AWS_BLR,22.9,22.9,882.7,882.7,80.0,80.0,0.09238518708429613,0.21285926020881474,Normal,Calibration drift: sustained deviation from local climatology,False,True,spike
2026-09-06 02:00:00,AWS_SHIMLA,14.3,16.35,807.1,809.3,95.0,94.0,0.28612924251781713,0.4763979545922419,Low,Sensor fault: reading outside physically possible range,True,False,none
2026-09-06 02:00:00,AWS_KOCHI,36.6,36.6,1023.6,1023.6,100.0,100.0,0.12679922115656853,0.39673294391161756,Normal,Calibration drift: sustained deviation from local climatology,False,True,multivariate_inconsistency
2026-09-06 02:00:00,AWS_GURGAON,25.4,25.4,980.3,980.3,95.0,95.0,0.08073812356473341,0.20703572844903337,Normal,Localized fault: disagrees with neighboring stations,False,False,none
2026-09-06 02:00:00,AWS_DELHI,25.7,25.7,981.3,981.3,92.0,92.0,0.07532653114287056,0.03766326557143528,Normal,Data spike: implausible instantaneous jump,False,False,none
2026-09-06 03:00:00,AWS_GURGAON,25.2,25.2,980.0,980.0,95.0,95.0,0.06203606989643796,0.03101803494821898,Normal,Localized fault: disagrees with neighboring stations,False,False,none
2026-09-06 03:00:00,AWS_JAISALMER,26.4,26.4,979.2,979.2,76.0,76.0,0.0433964879898978,0.0216982439949489,Normal,Data spike: implausible instantaneous jump,False,False,none
2026-09-06 03:00:00,AWS_DELHI,25.4,25.4,981.1,981.1,94.0,94.0,0.0787929094649839,0.03939645473249195,Normal,Data spike: implausible instantaneous jump,False,False,none
2026-09-06 03:00:00,AWS_SHIMLA,14.0,16.35,806.8,809.3,94.0,94.0,0.259733720090103,0.4632001933783848,Low,Sensor fault: reading outside physically possible range,True,False,none
2026-09-06 03:00:00,AWS_NOIDA,25.0,25.0,982.7,982.7,97.0,97.0,0.06236512464627722,0.03118256232313861,Normal,Calibration drift: sustained deviation from local climatology,False,False,none
2026-09-06 03:00:00,AWS_KOCHI,36.5,36.5,1023.5,1023.5,100.0,100.0,0.12207508079060941,0.394370873728638,Normal,Calibration drift: sustained deviation from local climatology,False,True,multivariate_inconsistency
2026-09-06 03:00:00,AWS_BLR,22.2,22.2,882.9,882.9,84.0,84.0,0.06818824812069901,0.20076079072701616,Normal,Calibration drift: sustained deviation from local climatology,False,True,spike
2026-09-06 04:00:00,AWS_KOCHI,36.4,36.4,1023.7,1023.7,100.0,100.0,0.12192716745774775,0.3942969170622072,Normal,Calibration drift: sustained deviation from local climatology,False,True,multivariate_inconsistency
2026-09-06 04:00:00,AWS_NOIDA,24.7,24.7,983.1,983.1,97.0,97.0,0.051195304983063475,0.025597652491531737,Normal,Calibration drift: sustained deviation from local climatology,False,False,none
2026-09-06 04:00:00,AWS_DELHI,25.2,25.2,981.2,981.2,95.0,95.0,0.04033408764862915,0.020167043824314574,Normal,Calibration drift: sustained deviation from local climatology,False,False,none
2026-09-06 04:00:00,AWS_JAISALMER,25.7,25.7,979.5,979.5,80.0,80.0,0.0268196941905494,0.0134098470952747,Normal,Calibration drift: sustained deviation from local climatology,False,False,none
2026-09-06 04:00:00,AWS_GURGAON,25.1,25.1,980.1,980.1,96.0,96.0,0.06742635030149902,0.03371317515074951,Normal,Localized fault: disagrees with neighboring stations,False,False,none
2026-09-06 04:00:00,AWS_SHIMLA,17.41807616809629,16.35,806.9,809.3,92.0,94.0,0.3663912351076352,0.5165289508871509,Low,Sensor fault: reading outside physically possible range,True,True,noise_burst
2026-09-06 04:00:00,AWS_BLR,21.7,21.7,882.9,882.9,87.0,87.0,0.05689890412963454,0.19511611873148393,Normal,Calibration drift: sustained deviation from local climatology,False,True,spike
2026-09-06 05:00:00,AWS_DELHI,24.8,24.8,980.9,980.9,99.0,99.0,0.11796432506951039,0.22564882920142185,Normal,Data spike: implausible instantaneous jump,False,False,none
2026-09-06 05:00:00,AWS_SHIMLA,7.527758515783376,16.35,808.0,809.3,97.0,94.0,0.4799798929701167,0.7399899464850583,Medium,Sensor fault: reading outside physically possible range,True,True,noise_burst
2026-09-06 05:00:00,AWS_GURGAON,24.8,24.8,980.0,980.0,99.0,99.0,0.07964206078038574,0.03982103039019287,Normal,Calibration drift: sustained deviation from local climatology,False,False,none
2026-09-06 05:00:00,AWS_KOCHI,36.5,28.5,993.9,1012.9000000000001,100.0,84.5,0.2951670495919454,0.6475835247959727,Low,Data spike: implausible instantaneous jump,True,True,multivariate_inconsistency
2026-09-06 05:00:00,AWS_JAISALMER,25.6,25.6,979.7,979.7,83.0,83.0,0.02297252805007933,0.011486264025039664,Normal,Calibration drift: sustained deviation from local climatology,False,False,none
2026-09-06 05:00:00,AWS_NOIDA,24.8,24.8,982.4,982.4,98.0,98.0,0.07802395887131372,0.03901197943565686,Normal,Calibration drift: sustained deviation from local climatology,False,False,none
2026-09-06 05:00:00,AWS_BLR,21.7,21.7,883.2,883.2,86.0,86.0,0.054852875947700275,0.1940931046405168,Normal,Calibration drift: sustained deviation from local climatology,False,True,spike
2026-09-06 06:00:00,AWS_GURGAON,24.2,24.2,981.1,981.1,97.0,97.0,0.11726523903386371,0.2252992861835985,Normal,Data spike: implausible instantaneous jump,False,False,none
2026-09-06 06:00:00,AWS_JAISALMER,25.0,25.0,980.3,980.3,85.0,85.0,0.045277454111016364,0.022638727055508182,Normal,Calibration drift: sustained deviation from local climatology,False,False,none
2026-09-06 06:00:00,AWS_KOCHI,36.4,36.4,994.3,994.3,100.0,100.0,0.10991799213339469,0.221625662733364,Normal,Calibration drift: sustained deviation from local climatology,False,True,multivariate_inconsistency
2026-09-06 06:00:00,AWS_NOIDA,34.6,26.4,995.5,983.9,100.0,95.0,0.3936812417135288,0.6968406208567643,Low,Data spike: implausible instantaneous jump,True,True,multivariate_inconsistency
2026-09-06 06:00:00,AWS_DELHI,24.2,24.2,981.8,981.8,98.0,98.0,0.09869485968060505,0.04934742984030253,Normal,Calibration drift: sustained deviation from local climatology,False,False,none
2026-09-06 06:00:00,AWS_SHIMLA,9.114110687700958,16.35,807.8,809.3,99.0,93.0,0.3349864154705908,0.5008265410686288,Low,Sensor fault: reading outside physically possible range,True,True,noise_burst
2026-09-06 06:00:00,AWS_BLR,21.4,26.6,913.9,884.5,88.0,56.0,0.27897027739775093,0.6394851386988755,Low,Data spike: implausible instantaneous jump,True,False,none
2026-09-06 07:00:00,AWS_DELHI,24.1,24.1,982.9,982.9,97.0,97.0,0.0979672528334654,0.21565029308339936,Normal,Data spike: implausible instantaneous jump,False,False,none
2026-09-06 07:00:00,AWS_KOCHI,37.2,32.15,995.0,1013.1500000000001,100.0,92.25,0.1747639263201759,0.587381963160088,Low,Calibration drift: sustained deviation from local climatology,True,True,multivariate_inconsistency
2026-09-06 07:00:00,AWS_SHIMLA,16.2,16.809038084048147,809.3,809.3,115.33826245066189,93.0,0.5035845145787791,0.7517922572893896,Medium,Sensor fault: reading outside physically possible range,True,True,noise_burst
2026-09-06 07:00:00,AWS_BLR,22.4,22.4,914.7,914.7,81.0,81.0,0.052293190300048795,0.026146595150024397,Normal,Data spike: implausible instantaneous jump,False,False,none
2026-09-06 07:00:00,AWS_GURGAON,23.9,23.9,982.0,982.0,97.0,97.0,0.09767886826277489,0.048839434131387444,Normal,Localized fault: disagrees with neighboring stations,False,False,none
2026-09-06 07:00:00,AWS_NOIDA,35.0,26.4,996.4,984.0,100.0,95.0,0.2190119983604049,0.4428393325135358,Low,Localized fault: disagrees with neighboring stations,True,True,multivariate_inconsistency
2026-09-06 07:00:00,AWS_JAISALMER,25.5,25.5,981.2,981.2,83.0,83.0,0.07983052044563377,0.20658192688948354,Normal,Data spike: implausible instantaneous jump,False,False,none
2026-09-06 08:00:00,AWS_NOIDA,35.8,35.8,997.2,997.2,100.0,100.0,0.11288084938248552,0.3897737580245761,Normal,Calibration drift: sustained deviation from local climatology,False,True,multivariate_inconsistency
2026-09-06 08:00:00,AWS_DELHI,24.8,25.7,983.6,982.5,95.0,92.0,0.15123670627235788,0.40895168646951224,Low,Localized fault: disagrees with neighboring stations,True,False,none
2026-09-06 08:00:00,AWS_BLR,23.9,23.9,915.6,915.6,72.0,72.0,0.06858764029171804,0.20096048681252568,Normal,Data spike: implausible instantaneous jump,False,False,none
2026-09-06 08:00:00,AWS_GURGAON,34.0,26.2,970.7,980.1,100.0,97.0,0.30804921111572026,0.6540246055578601,Low,Data spike: implausible instantaneous jump,True,True,multivariate_inconsistency
2026-09-06 08:00:00,AWS_SHIMLA,18.2,17.809038084048147,810.9,809.45,111.91529198401537,93.0,0.34668625931793456,0.6733431296589673,Low,Sensor fault: reading outside physically possible range,True,True,noise_burst
2026-09-06 08:00:00,AWS_KOCHI,37.8,36.4,995.5,1013.2,100.0,100.0,0.169872699492892,0.584936349746446,Low,Calibration drift: sustained deviation from local climatology,True,True,multivariate_inconsistency
2026-09-06 08:00:00,AWS_JAISALMER,26.9,26.9,982.0,982.0,76.0,76.0,0.11843436325604045,0.22588384829468688,Normal,Data spike: implausible instantaneous jump,False,False,none
2026-09-06 09:00:00,AWS_SHIMLA,20.4,18.68967662226791,812.4,809.75,78.96293097910791,93.0,0.4964295420357797,0.7482147710178899,Medium,Sensor fault: reading outside physically possible range,True,True,noise_burst
2026-09-06 09:00:00,AWS_BLR,26.0,26.0,916.0,916.0,61.0,61.0,0.08263305310801508,0.2079831932206742,Normal,Data spike: implausible instantaneous jump,False,False,none
2026-09-06 09:00:00,AWS_JAISALMER,29.0,29.3,982.7,980.3,65.0,62.0,0.18025019256320535,0.25679176294826933,Low,Data spike: implausible instantaneous jump,True,False,none
2026-09-06 09:00:00,AWS_DELHI,25.3,25.3,984.2,984.2,94.0,94.0,0.06811625452578512,0.03405812726289256,Normal,Calibration drift: sustained deviation from local climatology,False,False,none
2026-09-06 09:00:00,AWS_KOCHI,38.5,36.4,995.8,1018.35,100.0,100.0,0.19959468771647515,0.5997973438582376,Low,Calibration drift: sustained deviation from local climatology,True,True,multivariate_inconsistency
2026-09-06 09:00:00,AWS_GURGAON,34.7,34.7,971.3,971.3,100.0,100.0,0.12096342643899256,0.22714837988616293,Normal,Localized fault: disagrees with neighboring stations,False,True,multivariate_inconsistency
2026-09-06 09:00:00,AWS_NOIDA,30.933759402475488,26.2,997.9,984.2,100.0,97.0,0.1965280906906157,0.4315973786786412,Low,Data spike: implausible instantaneous jump,True,True,multivariate_inconsistency
2026-09-06 10:00:00,AWS_NOIDA,34.11543889041368,25.95,998.3,984.1,100.0,97.0,0.192862442155654,0.26309788774449366,Low,Data spike: implausible instantaneous jump,True,True,multivariate_inconsistency
2026-09-06 10:00:00,AWS_KOCHI,39.0,36.4,995.7,1023.5,100.0,100.0,0.1886547748020641,0.5943273874010321,Low,Calibration drift: sustained deviation from local climatology,True,True,multivariate_inconsistency
2026-09-06 10:00:00,AWS_GURGAON,36.2,26.1,971.7,980.0,100.0,97.0,0.17903371690223516,0.4228501917844509,Low,Data spike: implausible instantaneous jump,True,True,multivariate_inconsistency
2026-09-06 10:00:00,AWS_JAISALMER,30.9,29.3,982.7,980.3,57.0,62.0,0.15600358947735554,0.24466846140534443,Low,Data spike: implausible instantaneous jump,True,False,none
2026-09-06 10:00:00,AWS_SHIMLA,31.31061240138434,18.718949834301895,813.1,810.0,89.30378834354096,93.0,0.5005088506612949,0.7502544253306475,Medium,Sensor fault: reading outside physically possible range,True,True,noise_burst
2026-09-06 10:00:00,AWS_BLR,27.9,27.9,915.7,915.7,51.0,51.0,0.07687699854551405,0.20510516593942368,Normal,Data spike: implausible instantaneous jump,False,False,none
2026-09-06 10:00:00,AWS_DELHI,26.1,26.1,984.6,984.6,91.0,91.0,0.1388481845787884,0.23609075895606085,Normal,Localized fault: disagrees with neighboring stations,False,False,none
2026-09-06 11:00:00,AWS_BLR,29.2,29.2,915.6,915.6,46.0,46.0,0.044596874888409806,0.022298437444204903,Normal,Calibration drift: sustained deviation from local climatology,False,False,none
2026-09-06 11:00:00,AWS_KOCHI,39.8,36.45,995.2,1023.55,100.0,100.0,0.22424218928429504,0.6121210946421475,Low,Calibration drift: sustained deviation from local climatology,True,True,multivariate_inconsistency
2026-09-06 11:00:00,AWS_JAISALMER,32.2,32.2,982.9,982.9,46.47626564817954,46.47626564817954,0.12663574128508964,0.22998453730921148,Normal,Data spike: implausible instantaneous jump,False,True,noise_burst
2026-09-06 11:00:00,AWS_SHIMLA,19.17935324453582,18.718949834301895,812.7,810.0,78.38189987651164,93.0,0.43441120939138833,0.7172056046956942,Medium,Sensor fault: reading outside physically possible range,True,True,noise_burst
2026-09-06 11:00:00,AWS_NOIDA,37.84803788620498,25.7,997.9,984.0,100.0,97.0,0.21110452629117812,0.6055522631455891,Low,Data spike: implausible instantaneous jump,True,True,multivariate_inconsistency
2026-09-06 11:00:00,AWS_DELHI,25.9,25.4,984.5,981.8,93.0,94.0,0.18771977348318034,0.2605265534082568,Low,Localized fault: disagrees with neighboring stations,True,True,calibration_drift
2026-09-06 11:00:00,AWS_GURGAON,38.2,25.950000000000003,971.0,980.0,100.0,98.0,0.22909150837382933,0.6145457541869147,Low,Data spike: implausible instantaneous jump,True,True,multivariate_inconsistency
2026-09-06 12:00:00,AWS_DELHI,25.7,25.35,981.6,981.75,95.72727272727273,94.0,0.18414317381468612,0.2587382535740097,Low,Data spike: implausible instantaneous jump,True,True,calibration_drift
2026-09-06 12:00:00,AWS_KOCHI,39.6,36.5,994.3,1023.6,100.0,100.0,0.25096070674094034,0.6254803533704701,Low,Calibration drift: sustained deviation from local climatology,True,True,multivariate_inconsistency
2026-09-06 12:00:00,AWS_BLR,29.8,29.8,915.2,915.2,43.0,43.0,0.03329740413736305,0.18331536873534818,Normal,Calibration drift: sustained deviation from local climatology,False,False,none
2026-09-06 12:00:00,AWS_NOIDA,40.421248144426784,25.7,997.0,983.6,100.0,97.5,0.18714972313377892,0.5935748615668894,Low,Calibration drift: sustained deviation from local climatology,True,True,multivariate_inconsistency
2026-09-06 12:00:00,AWS_GURGAON,35.6,25.8,970.6,980.0,100.0,99.0,0.1942708562514616,0.4304687614590641,Low,Data spike: implausible instantaneous jump,True,True,multivariate_inconsistency
2026-09-06 12:00:00,AWS_JAISALMER,33.2,33.2,982.4,982.4,54.12333326410764,54.12333326410764,0.07032394501821838,0.03516197250910919,Normal,Calibration drift: sustained deviation from local climatology,False,True,noise_burst
2026-09-06 12:00:00,AWS_SHIMLA,38.68591083173394,18.718949834301895,813.1,810.0,58.43902664258807,94.0,0.5440623457078703,0.7720311728539351,Medium,Sensor fault: reading outside physically possible range,True,True,noise_burst
2026-09-06 13:00:00,AWS_BLR,30.3,30.3,914.4,914.4,41.0,41.0,0.05587686323269274,0.19460509828301303,Normal,Calibration drift: sustained deviation from local climatology,False,False,none
2026-09-06 13:00:00,AWS_NOIDA,38.83504588889775,38.83504588889775,996.5,996.5,100.0,100.0,0.12264753006855222,0.3946570983676094,Normal,Calibration drift: sustained deviation from local climatology,False,True,multivariate_inconsistency
2026-09-06 13:00:00,AWS_GURGAON,35.6,35.6,969.8,969.8,100.0,100.0,0.09969881574894214,0.21651607454113772,Normal,Localized fault: disagrees with neighboring stations,False,True,multivariate_inconsistency
2026-09-06 13:00:00,AWS_DELHI,25.4,25.3,978.9,981.7,96.45454545454545,94.0,0.18575136208386375,0.4262090143752652,Low,Data spike: implausible instantaneous jump,True,True,calibration_drift
2026-09-06 13:00:00,AWS_JAISALMER,34.0,34.0,981.6,981.6,72.93046466608388,72.93046466608388,0.14254497224249577,0.4046058194545812,Normal,Data spike: implausible instantaneous jump,False,True,noise_burst
2026-09-06 13:00:00,AWS_KOCHI,39.6,36.5,993.9,1023.6,100.0,100.0,0.2425143824266398,0.6212571912133199,Low,Calibration drift: sustained deviation from local climatology,True,True,multivariate_inconsistency
2026-09-06 13:00:00,AWS_SHIMLA,54.017017446068564,18.718949834301895,812.7,810.0,67.0,94.5,0.5383713957696147,0.7691856978848073,Medium,Sensor fault: reading outside physically possible range,True,True,spike
2026-09-06 14:00:00,AWS_KOCHI,39.3,36.45,992.8,1023.55,100.0,100.0,0.3107860494587425,0.6553930247293712,Low,Sensor fault: value frozen (stuck sensor / comms cache),True,True,multivariate_inconsistency
2026-09-06 14:00:00,AWS_BLR,30.3,30.3,913.4,913.4,42.0,42.0,0.05961818328185128,0.19647575830759229,Normal,Calibration drift: sustained deviation from local climatology,False,False,none
2026-09-06 14:00:00,AWS_GURGAON,35.4,35.4,968.8,968.8,100.0,100.0,0.10117540761584469,0.217254370474589,Normal,Localized fault: disagrees with neighboring stations,False,True,multivariate_inconsistency
2026-09-06 14:00:00,AWS_DELHI,25.7,25.25,975.8,981.55,93.18181818181819,94.5,0.3312037362009573,0.498935201433812,Low,Data spike: implausible instantaneous jump,True,True,calibration_drift
2026-09-06 14:00:00,AWS_JAISALMER,34.4,29.3,980.7,980.9,31.19714382357644,64.0,0.27507267181395734,0.6375363359069787,Low,Data spike: implausible instantaneous jump,True,True,noise_burst
2026-09-06 14:00:00,AWS_NOIDA,36.4,30.65,995.5,988.85,100.0,99.0,0.15684517181545313,0.41175591924105986,Low,Calibration drift: sustained deviation from local climatology,True,True,multivariate_inconsistency
2026-09-06 14:00:00,AWS_SHIMLA,46.569202276172696,18.718949834301895,812.0,810.0,61.0,95.5,0.5311979450960378,0.7655989725480189,Medium,Sensor fault: reading outside physically possible range,True,True,spike
2026-09-06 15:00:00,AWS_NOIDA,35.9,35.9,994.6,994.6,100.0,100.0,0.14457839446172743,0.23895586389753037,Normal,Calibration drift: sustained deviation from local climatology,False,True,multivariate_inconsistency
2026-09-06 15:00:00,AWS_BLR,30.5,30.5,912.9,912.9,41.0,41.0,0.036288181455368135,0.1848107573943507,Normal,Calibration drift: sustained deviation from local climatology,False,False,none
2026-09-06 15:00:00,AWS_SHIMLA,48.43152177737213,18.718949834301895,811.1,810.0,59.0,96.5,0.4074250145123843,0.7037125072561922,Medium,Sensor fault: reading outside physically possible range,True,True,spike
2026-09-06 15:00:00,AWS_DELHI,25.7,25.2,976.275754734072,981.8,91.9090909090909,95.0,0.17549469234583084,0.2544140128395821,Low,Localized fault: disagrees with neighboring stations,True,True,noise_burst
2026-09-06 15:00:00,AWS_GURGAON,36.4,36.4,968.1,968.1,100.0,100.0,0.08868118578577612,0.04434059289288806,Normal,Localized fault: disagrees with neighboring stations,False,True,multivariate_inconsistency
2026-09-06 15:00:00,AWS_KOCHI,39.0,36.4,992.4,1008.9,100.0,100.0,0.29147026931707676,0.6457351346585384,Low,Sensor fault: value frozen (stuck sensor / comms cache),True,True,multivariate_inconsistency
2026-09-06 15:00:00,AWS_JAISALMER,34.6,34.6,979.9,979.9,41.320832310868354,41.320832310868354,0.06811208702854242,0.03405604351427121,Normal,Calibration drift: sustained deviation from local climatology,False,True,noise_burst
2026-09-06 16:00:00,AWS_DELHI,26.0,25.0,979.9888865145061,982.3499999999999,88.63636363636364,96.0,0.3286052936333513,0.497635980150009,Low,Data spike: implausible instantaneous jump,True,True,noise_burst
2026-09-06 16:00:00,AWS_NOIDA,36.2,36.2,994.7,994.7,100.0,100.0,0.13776090173017544,0.402213784198421,Normal,Sensor fault: value frozen (stuck sensor / comms cache),False,True,multivariate_inconsistency
2026-09-06 16:00:00,AWS_KOCHI,38.7,36.4,992.5,994.3,100.0,100.0,0.2874190495921867,0.6437095247960933,Low,Sensor fault: value frozen (stuck sensor / comms cache),True,True,multivariate_inconsistency
2026-09-06 16:00:00,AWS_GURGAON,36.5,36.5,968.1,968.1,100.0,100.0,0.0776835291027464,0.0388417645513732,Normal,Calibration drift: sustained deviation from local climatology,False,True,multivariate_inconsistency
2026-09-06 16:00:00,AWS_SHIMLA,52.63820273944211,18.718949834301895,810.7,810.0,54.0,98.0,0.5365909090909089,0.7682954545454544,Medium,Sensor fault: reading outside physically possible range,True,True,spike
2026-09-06 16:00:00,AWS_JAISALMER,34.4,34.4,979.7,979.7,45.0,45.0,0.029561955651062795,0.014780977825531397,Normal,Calibration drift: sustained deviation from local climatology,False,False,none
2026-09-06 16:00:00,AWS_BLR,30.2,30.2,912.8,912.8,41.0,41.0,0.034229843159233254,0.1837815882462833,Normal,Calibration drift: sustained deviation from local climatology,False,False,none
2026-09-06 17:00:00,AWS_NOIDA,37.0,35.9,994.7,994.7,100.0,100.0,0.22512330602855626,0.6125616530142781,Low,Localized fault: disagrees with neighboring stations,True,True,multivariate_inconsistency
2026-09-06 17:00:00,AWS_DELHI,27.6,24.55,973.5459685274867,982.3499999999999,86.36363636363636,96.5,0.37717667816236883,0.6885883390811844,Low,Data spike: implausible instantaneous jump,True,True,noise_burst
2026-09-06 17:00:00,AWS_SHIMLA,39.0909618357643,18.718949834301895,810.1,810.0,73.0,99.0,0.5150072794037862,0.757503639701893,Medium,Sensor fault: reading outside physically possible range,True,True,spike
2026-09-06 17:00:00,AWS_KOCHI,39.0,26.7,992.7,982.5,100.0,92.0,0.2877055542195598,0.64385277710978,Low,Sensor fault: value frozen (stuck sensor / comms cache),True,True,multivariate_inconsistency
2026-09-06 17:00:00,AWS_JAISALMER,34.6,34.6,979.5,979.5,43.0,43.0,0.030214382269596284,0.015107191134798142,Normal,Calibration drift: sustained deviation from local climatology,False,False,none
2026-09-06 17:00:00,AWS_BLR,30.3,30.3,913.1,913.1,38.0,38.0,0.04309779695368792,0.18821556514351062,Normal,Calibration drift: sustained deviation from local climatology,False,False,none
2026-09-06 17:00:00,AWS_GURGAON,37.6,37.6,968.0,968.0,100.0,100.0,0.11219096477737237,0.22276214905535285,Normal,Calibration drift: sustained deviation from local climatology,False,True,multivariate_inconsistency
2026-09-06 18:00:00,AWS_JAISALMER,33.1,33.1,979.9,979.9,49.0,49.0,0.04928354976835125,0.024641774884175623,Normal,Calibration drift: sustained deviation from local climatology,False,False,none
2026-09-06 18:00:00,AWS_DELHI,26.9,24.3,976.2221045939623,982.9,92.0909090909091,96.0,0.2731862604690226,0.6365931302345114,Low,Localized fault: disagrees with neighboring stations,True,True,noise_burst
2026-09-06 18:00:00,AWS_KOCHI,38.2,26.7,993.8,982.2,100.0,91.5,0.3228247041359249,0.6614123520679625,Low,Sensor fault: value frozen (stuck sensor / comms cache),True,True,multivariate_inconsistency
2026-09-06 18:00:00,AWS_GURGAON,36.7,36.7,968.3,968.3,100.0,100.0,0.13847590587936026,0.2359046196063468,Normal,Sensor fault: value frozen (stuck sensor / comms cache),False,True,multivariate_inconsistency
2026-09-06 18:00:00,AWS_NOIDA,36.4,36.05,994.9,995.6,100.0,100.0,0.20921646440587752,0.43794156553627206,Low,Sensor fault: value frozen (stuck sensor / comms cache),True,True,multivariate_inconsistency
2026-09-06 18:00:00,AWS_BLR,28.9,28.9,913.3,913.3,44.0,44.0,0.05320561698395331,0.026602808491976656,Normal,Calibration drift: sustained deviation from local climatology,False,False,none
2026-09-06 18:00:00,AWS_SHIMLA,36.79341114357544,18.718949834301895,809.1,810.0,96.0,99.5,0.4943841473225578,0.7471920736612789,Medium,Sensor fault: reading outside physically possible range,True,True,spike
2026-09-06 19:00:00,AWS_NOIDA,35.9,36.05,995.4,995.6,100.0,100.0,0.20344787921713728,0.43505727294190194,Low,Sensor fault: value frozen (stuck sensor / comms cache),True,True,multivariate_inconsistency
2026-09-06 19:00:00,AWS_GURGAON,35.9,36.0,969.2,968.55,100.0,100.0,0.19375639270036107,0.43021152968351384,Low,Sensor fault: value frozen (stuck sensor / comms cache),True,True,multivariate_inconsistency
2026-09-06 19:00:00,AWS_BLR,27.9,27.9,914.2,914.2,49.0,49.0,0.058294214907221746,0.029147107453610873,Normal,Calibration drift: sustained deviation from local climatology,False,False,none
2026-09-06 19:00:00,AWS_JAISALMER,31.5,31.5,980.4,980.4,54.0,54.0,0.03559788150428861,0.017798940752144304,Normal,Calibration drift: sustained deviation from local climatology,False,False,none
2026-09-06 19:00:00,AWS_KOCHI,38.0,26.6,994.8,982.0999999999999,100.0,91.0,0.2990407354504225,0.6495203677252113,Low,Sensor fault: value frozen (stuck sensor / comms cache),True,True,multivariate_inconsistency
2026-09-06 19:00:00,AWS_DELHI,26.3,24.8,983.667569237251,982.9,95.81818181818181,96.0,0.36959376929654486,0.6847968846482724,Low,Data spike: implausible instantaneous jump,True,True,noise_burst
2026-09-06 19:00:00,AWS_SHIMLA,35.69488825152459,18.718949834301895,809.9,810.0,100.0,100.0,0.32557735538091653,0.6627886776904582,Low,Sensor fault: reading outside physically possible range,True,True,spike
2026-09-06 20:00:00,AWS_NOIDA,35.7,35.9,996.6,994.7,100.0,100.0,0.2855687266595702,0.6427843633297852,Low,Sensor fault: value frozen (stuck sensor / comms cache),True,True,multivariate_inconsistency
2026-09-06 20:00:00,AWS_JAISALMER,30.8,30.8,980.9,980.9,57.0,57.0,0.023991742592612653,0.011995871296306327,Normal,Calibration drift: sustained deviation from local climatology,False,False,none
2026-09-06 20:00:00,AWS_BLR,27.3,27.3,914.6,914.6,52.0,52.0,0.020745832996437587,0.010372916498218794,Normal,Calibration drift: sustained deviation from local climatology,False,False,none
2026-09-06 20:00:00,AWS_KOCHI,37.9,26.6,995.6,982.0999999999999,100.0,91.0,0.2800665031846807,0.47336658492567363,Low,Sensor fault: value frozen (stuck sensor / comms cache),True,True,multivariate_inconsistency
2026-09-06 20:00:00,AWS_SHIMLA,38.7234548398983,18.718949834301895,810.3,810.0,100.0,99.5,0.32556837465423066,0.6627841873271153,Low,Sensor fault: reading outside physically possible range,True,True,spike
2026-09-06 20:00:00,AWS_DELHI,26.1,25.05,987.0906328394719,982.698022783959,97.54545454545455,95.0,0.34824890317571133,0.6741244515878557,Low,Data spike: implausible instantaneous jump,True,True,noise_burst
2026-09-06 20:00:00,AWS_GURGAON,35.5,36.4,970.0,968.3,100.0,100.0,0.211280532291326,0.43897359947899633,Low,Sensor fault: value frozen (stuck sensor / comms cache),True,True,multivariate_inconsistency
2026-09-06 21:00:00,AWS_JAISALMER,30.0,30.0,981.4,981.4,60.0,60.0,0.02466070057070563,0.012330350285352815,Normal,Calibration drift: sustained deviation from local climatology,False,False,none
2026-09-06 21:00:00,AWS_KOCHI,37.6,26.6,996.1,982.0999999999999,100.0,91.0,0.2636345952050514,0.465150630935859,Low,Sensor fault: value frozen (stuck sensor / comms cache),True,True,multivariate_inconsistency
2026-09-06 21:00:00,AWS_SHIMLA,18.258546424067973,18.718949834301895,810.1,809.9,100.0,98.5,0.4312396298632375,0.7156198149316187,Medium,Sensor fault: reading outside physically possible range,True,True,noise_burst
2026-09-06 21:00:00,AWS_NOIDA,35.5,36.05,997.3,994.6500000000001,100.0,100.0,0.26576385051690354,0.4662152585917851,Low,Sensor fault: value frozen (stuck sensor / comms cache),True,True,multivariate_inconsistency
2026-09-06 21:00:00,AWS_BLR,26.8,26.8,915.1,915.1,54.0,54.0,0.02785581827254971,0.013927909136274855,Normal,Calibration drift: sustained deviation from local climatology,False,False,none
2026-09-06 21:00:00,AWS_DELHI,26.0,25.05,993.5836544584589,982.698022783959,99.27272727272728,95.0,0.41589137145909844,0.7079456857295492,Medium,Data spike: implausible instantaneous jump,True,True,noise_burst
2026-09-06 21:00:00,AWS_GURGAON,35.1,36.4,970.5,968.3,100.0,100.0,0.3189566126521666,0.49281163965941666,Low,Localized fault: disagrees with neighboring stations,True,True,multivariate_inconsistency
2026-09-06 22:00:00,AWS_JAISALMER,29.3,29.3,981.7,981.7,62.0,62.0,0.022890498802293616,0.011445249401146808,Normal,Calibration drift: sustained deviation from local climatology,False,False,none
2026-09-06 22:00:00,AWS_DELHI,25.6,25.450000000000003,997.9693123300366,982.298022783959,102.0,93.5,0.6839315432659281,0.841965771632964,High,Sensor fault: reading outside physically possible range,True,True,noise_burst
2026-09-06 22:00:00,AWS_BLR,25.8,25.8,915.4,915.4,58.0,58.0,0.03842096797670041,0.019210483988350204,Normal,Data spike: implausible instantaneous jump,False,False,none
2026-09-06 22:00:00,AWS_GURGAON,34.6,36.45,970.4,968.2,100.0,100.0,0.3424303864235221,0.5045485265450944,Low,Localized fault: disagrees with neighboring stations,True,True,multivariate_inconsistency
2026-09-06 22:00:00,AWS_SHIMLA,17.796751371251084,18.718949834301895,809.7,809.9,100.0,98.5,0.2481481167710852,0.29074072505220927,Low,Sensor fault: reading outside physically possible range,True,True,noise_burst
2026-09-06 22:00:00,AWS_KOCHI,37.4,26.7,996.3,982.3,100.0,91.0,0.2622385698274614,0.464452618247064,Low,Sensor fault: value frozen (stuck sensor / comms cache),True,True,multivariate_inconsistency
2026-09-06 22:00:00,AWS_NOIDA,35.5,36.05,997.1,994.6500000000001,100.0,100.0,0.2502226814158096,0.4584446740412381,Low,Sensor fault: value frozen (stuck sensor / comms cache),True,True,multivariate_inconsistency
2026-09-06 23:00:00,AWS_SHIMLA,17.005096717314217,18.718949834301895,809.9,809.9,100.0,98.5,0.24822722886627738,0.29078028109980536,Low,Sensor fault: reading outside physically possible range,True,True,noise_burst
2026-09-06 23:00:00,AWS_KOCHI,37.5,26.7,996.0,982.4,100.0,90.0,0.26403487004361476,0.6320174350218074,Low,Sensor fault: value frozen (stuck sensor / comms cache),True,True,multivariate_inconsistency
2026-09-06 23:00:00,AWS_BLR,24.9,24.9,915.0,915.0,64.0,64.0,0.039568429880102056,0.019784214940051028,Normal,Data spike: implausible instantaneous jump,False,False,none
2026-09-06 23:00:00,AWS_JAISALMER,29.0,29.0,981.5,981.5,64.0,64.0,0.022228213972263128,0.011114106986131564,Normal,Calibration drift: sustained deviation from local climatology,False,False,none
2026-09-06 23:00:00,AWS_GURGAON,34.8,36.4,970.2,968.3,100.0,100.0,0.2755282813492237,0.47109747400794516,Low,Sensor fault: value frozen (stuck sensor / comms cache),True,True,multivariate_inconsistency
2026-09-06 23:00:00,AWS_NOIDA,35.8,36.05,996.8,994.6500000000001,100.0,100.0,0.2511594841125859,0.4589130753896262,Low,Sensor fault: value frozen (stuck sensor / comms cache),True,True,multivariate_inconsistency
2026-09-06 23:00:00,AWS_DELHI,25.8,26.950000000000003,985.17204716638,982.298022783959,95.0,87.0,0.45259610687891716,0.7262980534394585,Medium,Data spike: implausible instantaneous jump,True,True,noise_burst
2026-09-07 00:00:00,AWS_SHIMLA,15.0,18.979273212033988,809.2,809.9,100.0,98.5,0.2678179382596369,0.3005756357964851,Low,Sensor fault: reading outside physically possible range,True,False,none
2026-09-07 00:00:00,AWS_GURGAON,34.2,36.4,969.7,968.3,100.0,100.0,0.28410450408989163,0.47538558537827913,Low,Sensor fault: value frozen (stuck sensor / comms cache),True,True,multivariate_inconsistency
2026-09-07 00:00:00,AWS_KOCHI,27.1,26.7,983.6,982.5,87.0,89.0,0.41940272062078254,0.7097013603103912,Medium,Data spike: implausible instantaneous jump,True,True,spike
2026-09-07 00:00:00,AWS_JAISALMER,28.4,28.4,981.3,981.3,66.0,66.0,0.02158468250693091,0.010792341253465456,Normal,Calibration drift: sustained deviation from local climatology,False,False,none
2026-09-07 00:00:00,AWS_BLR,23.6,23.6,914.6,914.6,73.0,73.0,0.06385895018884517,0.19859614176108925,Normal,Data spike: implausible instantaneous jump,False,False,none
2026-09-07 00:00:00,AWS_DELHI,25.2,26.950000000000003,977.8523093998406,982.298022783959,96.0,87.0,0.32094475636756065,0.6604723781837804,Low,Data spike: implausible instantaneous jump,True,True,noise_burst
2026-09-07 00:00:00,AWS_NOIDA,35.1,35.9,996.4,994.6,100.0,100.0,0.276616283377058,0.30497480835519564,Low,Sensor fault: value frozen (stuck sensor / comms cache),True,True,multivariate_inconsistency
2026-09-07 01:00:00,AWS_SHIMLA,15.0,18.929273212033987,808.9,809.9,99.0,98.5,0.24400702253659642,0.28867017793496486,Low,Sensor fault: reading outside physically possible range,True,False,none
2026-09-07 01:00:00,AWS_JAISALMER,28.0,28.0,981.2,981.2,68.0,68.0,0.0202498756199938,0.0101249378099969,Normal,Calibration drift: sustained deviation from local climatology,False,False,none
2026-09-07 01:00:00,AWS_KOCHI,27.0,27.95,983.1,997.45,89.0,82.0,0.15232199018745937,0.409494328427063,Low,Calibration drift: sustained deviation from local climatology,True,True,spike
2026-09-07 01:00:00,AWS_DELHI,25.1,29.1,971.8397685963434,982.7,95.0,78.0,0.36222413055939867,0.6811120652796994,Low,Data spike: implausible instantaneous jump,True,True,noise_burst
2026-09-07 01:00:00,AWS_BLR,22.8,22.8,914.3,914.3,80.0,80.0,0.043614093126497354,0.021807046563248677,Normal,Data spike: implausible instantaneous jump,False,False,none
2026-09-07 01:00:00,AWS_GURGAON,33.9,36.0,969.5,968.55,100.0,100.0,0.2779287004217842,0.4722976835442254,Low,Sensor fault: value frozen (stuck sensor / comms cache),True,True,multivariate_inconsistency
2026-09-07 01:00:00,AWS_NOIDA,34.7,34.0,995.9,989.85,100.0,96.0,0.37928738922206595,0.5229770279443663,Low,Sensor fault: value frozen (stuck sensor / comms cache),True,True,multivariate_inconsistency
2026-09-07 02:00:00,AWS_NOIDA,34.8,32.25,995.8,984.75,100.0,78.0,0.2448281771700662,0.28908075525169974,Low,Sensor fault: value frozen (stuck sensor / comms cache),True,True,multivariate_inconsistency
2026-09-07 02:00:00,AWS_GURGAON,33.6,35.9,969.1,968.55,100.0,100.0,0.28384737847991615,0.4752570225732914,Low,Sensor fault: value frozen (stuck sensor / comms cache),True,True,multivariate_inconsistency
2026-09-07 02:00:00,AWS_BLR,22.1,22.1,913.7,913.7,85.0,85.0,0.04631737770336638,0.02315868885168319,Normal,Data spike: implausible instantaneous jump,False,False,none
2026-09-07 02:00:00,AWS_KOCHI,26.7,26.7,982.5,982.5,89.0,89.0,0.11560793470082935,0.39113730068374797,Normal,Calibration drift: sustained deviation from local climatology,False,True,spike
2026-09-07 02:00:00,AWS_SHIMLA,14.4,18.929273212033987,808.1,809.9,100.0,98.5,0.2699369474242836,0.30163514037880845,Low,Sensor fault: reading outside physically possible range,True,False,none
2026-09-07 02:00:00,AWS_JAISALMER,27.6,27.6,981.3,981.3,71.0,71.0,0.022250248573102375,0.011125124286551187,Normal,Calibration drift: sustained deviation from local climatology,False,False,none
2026-09-07 02:00:00,AWS_DELHI,24.8,29.75,983.4385573117193,982.2,95.0,75.0,0.3009016422529459,0.650450821126473,Low,Data spike: implausible instantaneous jump,True,True,noise_burst
2026-09-07 03:00:00,AWS_BLR,21.7,21.7,913.1,913.1,88.0,88.0,0.03824549387082196,0.01912274693541098,Normal,Data spike: implausible instantaneous jump,False,False,none
2026-09-07 03:00:00,AWS_JAISALMER,26.6,26.6,981.1,981.1,75.0,75.0,0.041498507047954325,0.020749253523977162,Normal,Calibration drift: sustained deviation from local climatology,False,False,none
2026-09-07 03:00:00,AWS_DELHI,24.4,30.4,977.4352945234484,981.7,96.0,72.0,0.2646594607710543,0.6323297303855271,Low,Data spike: implausible instantaneous jump,True,True,noise_burst
2026-09-07 03:00:00,AWS_KOCHI,26.4,29.35,981.9,1011.2,92.0,75.0,0.17069024501027757,0.5853451225051388,Low,Calibration drift: sustained deviation from local climatology,True,True,spike
2026-09-07 03:00:00,AWS_GURGAON,33.2,34.5,968.7,974.15,100.0,85.0,0.2848984962467909,0.4757825814567288,Low,Sensor fault: value frozen (stuck sensor / comms cache),True,True,multivariate_inconsistency
2026-09-07 03:00:00,AWS_SHIMLA,14.1,18.929273212033987,807.6,809.9,100.0,98.5,0.24985992855833697,0.29159663094583516,Low,Sensor fault: reading outside physically possible range,True,False,none
2026-09-07 03:00:00,AWS_NOIDA,34.7,32.4,995.3,984.4,100.0,64.0,0.27400922388174437,0.30367127860753884,Low,Sensor fault: value frozen (stuck sensor / comms cache),True,True,multivariate_inconsistency
2026-09-07 04:00:00,AWS_JAISALMER,25.6,25.6,981.0,981.0,79.0,79.0,0.040579129714792876,0.020289564857396438,Normal,Calibration drift: sustained deviation from local climatology,False,False,none
2026-09-07 04:00:00,AWS_KOCHI,26.3,26.3,981.8,981.8,92.0,92.0,0.10573055199330983,0.38619860932998823,Normal,Calibration drift: sustained deviation from local climatology,False,True,spike
2026-09-07 04:00:00,AWS_DELHI,24.3,24.3,979.2232136991015,979.2232136991015,96.0,96.0,0.12463496315676101,0.22898414824504715,Normal,Localized fault: disagrees with neighboring stations,False,True,noise_burst
2026-09-07 04:00:00,AWS_BLR,21.3,21.3,913.0,913.0,90.0,90.0,0.015144661164259719,0.0075723305821298595,Normal,Calibration drift: sustained deviation from local climatology,False,False,none
2026-09-07 04:00:00,AWS_SHIMLA,13.6,18.929273212033987,806.8,809.8499999999999,100.0,98.5,0.26855463286815867,0.300943983100746,Low,Sensor fault: reading outside physically possible range,True,False,none
2026-09-07 04:00:00,AWS_GURGAON,33.1,32.45,968.4,979.7,100.0,67.0,0.28212986403365875,0.4743982653501627,Low,Sensor fault: value frozen (stuck sensor / comms cache),True,True,multivariate_inconsistency
2026-09-07 04:00:00,AWS_NOIDA,34.4,32.1,994.9,983.7,100.0,64.0,0.25298949266239773,0.2931614129978655,Low,Sensor fault: value frozen (stuck sensor / comms cache),True,True,multivariate_inconsistency
2026-09-07 05:00:00,AWS_GURGAON,34.1,32.2,968.5,979.7,100.0,64.0,0.3369922595760687,0.6684961297880343,Low,Sensor fault: value frozen (stuck sensor / comms cache),True,True,multivariate_inconsistency
2026-09-07 05:00:00,AWS_BLR,21.1,21.1,913.4,913.4,90.0,90.0,0.016189395185404156,0.008094697592702078,Normal,Calibration drift: sustained deviation from local climatology,False,False,none
2026-09-07 05:00:00,AWS_NOIDA,35.3,31.5,995.1,983.4,100.0,64.0,0.28253112873510505,0.3079322310342192,Low,Sensor fault: value frozen (stuck sensor / comms cache),True,True,multivariate_inconsistency
2026-09-07 05:00:00,AWS_JAISALMER,25.6,25.6,980.8,980.8,80.0,80.0,0.023121708634798618,0.011560854317399309,Normal,Calibration drift: sustained deviation from local climatology,False,False,none
2026-09-07 05:00:00,AWS_KOCHI,26.7,26.7,981.9,981.9,91.0,91.0,0.11829234065975223,0.39247950366320944,Normal,Calibration drift: sustained deviation from local climatology,False,True,spike
2026-09-07 05:00:00,AWS_DELHI,25.1,31.1,978.439516004701,981.1960455679181,97.0,61.0,0.1621289279597875,0.2477311306465604,Low,Localized fault: disagrees with neighboring stations,True,True,noise_burst
2026-09-07 05:00:00,AWS_SHIMLA,15.3,18.027648897659528,808.1,809.8,100.0,98.5,0.2977225539321167,0.4821946102993917,Low,Sensor fault: reading outside physically possible range,True,False,none
2026-09-07 06:00:00,AWS_SHIMLA,14.8,17.698375685625543,807.8,809.75,100.0,98.5,0.24386666407913132,0.2885999987062323,Low,Sensor fault: reading outside physically possible range,True,False,none
2026-09-07 06:00:00,AWS_GURGAON,33.9,31.75,969.0,979.7,100.0,64.0,0.3784306318452153,0.522548649255941,Low,Sensor fault: value frozen (stuck sensor / comms cache),True,True,multivariate_inconsistency
2026-09-07 06:00:00,AWS_KOCHI,26.5,26.5,982.3,982.3,91.0,91.0,0.09831221693716256,0.3824894418019146,Normal,Calibration drift: sustained deviation from local climatology,False,True,spike
2026-09-07 06:00:00,AWS_JAISALMER,25.0,25.0,981.1,981.1,82.0,82.0,0.03964911607033059,0.019824558035165293,Normal,Calibration drift: sustained deviation from local climatology,False,False,none
2026-09-07 06:00:00,AWS_DELHI,24.8,24.8,981.1960455679181,981.1960455679181,99.0,99.0,0.061059778267496166,0.030529889133748083,Normal,Unclassified multivariate anomaly (novel pattern flagged by ML),False,True,noise_burst
2026-09-07 06:00:00,AWS_NOIDA,25.3,31.45,983.4,982.9,95.0,65.0,0.29047586901309186,0.645237934506546,Low,Data spike: implausible instantaneous jump,True,False,none
2026-09-07 06:00:00,AWS_BLR,20.8,20.8,913.8,913.8,90.0,90.0,0.017278156101857452,0.008639078050928726,Normal,Calibration drift: sustained deviation from local climatology,False,False,none
2026-09-07 07:00:00,AWS_KOCHI,27.2,29.049999999999997,982.9,1010.8,87.0,76.5,0.1847461682380342,0.5923730841190171,Low,Calibration drift: sustained deviation from local climatology,True,True,spike
2026-09-07 07:00:00,AWS_DELHI,25.9,31.1,987.4299011539382,980.9,95.0,62.0,0.3858082009921291,0.6929041004960645,Low,Data spike: implausible instantaneous jump,True,True,noise_burst
2026-09-07 07:00:00,AWS_NOIDA,26.5,26.5,983.7,983.7,92.0,92.0,0.09525602251705906,0.2142946779251962,Normal,Data spike: implausible instantaneous jump,False,False,none
2026-09-07 07:00:00,AWS_BLR,21.8,21.8,914.8,914.8,83.0,83.0,0.11235526851555148,0.2228443009244424,Normal,Data spike: implausible instantaneous jump,False,False,none
2026-09-07 07:00:00,AWS_GURGAON,25.1,31.15,981.2,979.75,97.0,64.0,0.29222937915238006,0.64611468957619,Low,Data spike: implausible instantaneous jump,True,False,none
2026-09-07 07:00:00,AWS_JAISALMER,25.4,25.4,981.3,981.3,80.0,80.0,0.025569827251317543,0.012784913625658771,Normal,Calibration drift: sustained deviation from local climatology,False,False,none
2026-09-07 07:00:00,AWS_SHIMLA,16.0,17.35,808.6,809.75,98.0,99.0,0.26972352228588714,0.3015284278096102,Low,Sensor fault: reading outside physically possible range,True,False,none
2026-09-07 08:00:00,AWS_NOIDA,28.2,31.049999999999997,984.6,982.45,84.0,67.5,0.17650591668923657,0.25491962501128496,Low,Data spike: implausible instantaneous jump,True,False,none
2026-09-07 08:00:00,AWS_GURGAON,27.5,30.9,982.2,980.0,86.0,64.0,0.19701497948167312,0.2651741564075032,Low,Data spike: implausible instantaneous jump,True,False,none
2026-09-07 08:00:00,AWS_DELHI,27.5,30.75,983.7852428372267,980.8499999999999,88.0,65.5,0.2268180833879442,0.4467423750273054,Low,Data spike: implausible instantaneous jump,True,True,noise_burst
2026-09-07 08:00:00,AWS_SHIMLA,17.6,17.05254835865711,809.8,809.45,92.0,98.5,0.3205912738374105,0.49362897025203856,Low,Sensor fault: reading outside physically possible range,True,False,none
2026-09-07 08:00:00,AWS_JAISALMER,26.6,26.6,982.0,982.0,75.0,75.0,0.08955774002210122,0.21144553667771726,Normal,Data spike: implausible instantaneous jump,False,False,none
2026-09-07 08:00:00,AWS_KOCHI,28.3,28.9,1013.6,1010.9,80.0,77.0,0.33980741464271236,0.6699037073213562,Low,Data spike: implausible instantaneous jump,True,False,none
2026-09-07 08:00:00,AWS_BLR,23.7,23.7,915.8,915.8,70.0,70.0,0.12304780366600483,0.22819056849966907,Normal,Data spike: implausible instantaneous jump,False,False,none
2026-09-07 09:00:00,AWS_KOCHI,29.2,29.2,1013.8,1013.8,75.0,75.0,0.0947593231750077,0.2140463282541705,Normal,Data spike: implausible instantaneous jump,False,False,none
2026-09-07 09:00:00,AWS_GURGAON,29.5,30.85,982.4,980.05,74.0,65.0,0.16473492863593936,0.24903413098463634,Low,Data spike: implausible instantaneous jump,True,False,none
2026-09-07 09:00:00,AWS_SHIMLA,19.7,16.80254835865711,811.1,809.05,75.0,98.0,0.4305404726933209,0.5486035696799938,Medium,Sensor fault: reading outside physically possible range,True,False,none
2026-09-07 09:00:00,AWS_JAISALMER,28.3,28.3,982.2,982.2,68.0,68.0,0.09273647120122419,0.21303490226727875,Normal,Data spike: implausible instantaneous jump,False,False,none
2026-09-07 09:00:00,AWS_NOIDA,29.6,30.7,985.0,982.5,76.0,69.0,0.17399409329681834,0.2536637133150758,Low,Data spike: implausible instantaneous jump,True,False,none
2026-09-07 09:00:00,AWS_BLR,25.8,25.8,916.2,916.2,61.0,61.0,0.0762285625091017,0.2047809479212175,Normal,Data spike: implausible instantaneous jump,False,False,none
2026-09-07 09:00:00,AWS_DELHI,29.1,29.1,983.4,983.4,78.0,78.0,0.1375945316807385,0.4021305991737026,Normal,Data spike: implausible instantaneous jump,False,False,none
2026-09-07 10:00:00,AWS_GURGAON,30.6,30.6,982.8,982.8,70.0,70.0,0.10823780594708653,0.22078556964020993,Normal,Data spike: implausible instantaneous jump,False,False,none
2026-09-07 10:00:00,AWS_JAISALMER,30.0,30.0,982.4,982.4,61.0,61.0,0.08539248598761065,0.209362909660472,Normal,Data spike: implausible instantaneous jump,False,False,none
2026-09-07 10:00:00,AWS_BLR,27.6,27.6,916.1,916.1,52.0,52.0,0.06593576934264803,0.19963455133799068,Normal,Data spike: implausible instantaneous jump,False,False,none
2026-09-07 10:00:00,AWS_DELHI,30.4,30.4,983.6,983.6,72.0,72.0,0.09806724835651151,0.21570029084492243,Normal,Data spike: implausible instantaneous jump,False,False,none
2026-09-07 10:00:00,AWS_NOIDA,30.7,30.5,985.2,982.85,70.0,70.0,0.156813658118946,0.24507349572613965,Low,Data spike: implausible instantaneous jump,True,False,none
2026-09-07 10:00:00,AWS_SHIMLA,21.6,16.5,812.1,808.8499999999999,65.0,97.0,0.41976132199170074,0.7098806609958503,Medium,Sensor fault: reading outside physically possible range,True,False,none
2026-09-07 10:00:00,AWS_KOCHI,29.7,29.7,1013.6,1013.6,73.0,73.0,0.05561695618249945,0.027808478091249724,Normal,Calibration drift: sustained deviation from local climatology,False,False,none
2026-09-07 11:00:00,AWS_DELHI,31.5,30.3,983.5,981.1960455679181,62.0,70.0,0.15993107271292592,0.4132988696897963,Low,Data spike: implausible instantaneous jump,True,False,none
2026-09-07 11:00:00,AWS_GURGAON,31.5,30.700000000000003,982.5,980.4000000000001,61.0,68.0,0.18490434676662637,0.25911884004997987,Low,Data spike: implausible instantaneous jump,True,False,none
2026-09-07 11:00:00,AWS_NOIDA,31.5,31.5,985.1,985.1,64.0,64.0,0.07479738031995392,0.20406535682664362,Normal,Data spike: implausible instantaneous jump,False,False,none
2026-09-07 11:00:00,AWS_SHIMLA,20.5,16.2,811.5,808.8,66.0,96.0,0.29091966960372684,0.47879316813519673,Low,Sensor fault: reading outside physically possible range,True,False,none
2026-09-07 11:00:00,AWS_BLR,28.9,28.9,915.7,915.7,45.0,45.0,0.04998765131795833,0.024993825658979164,Normal,Calibration drift: sustained deviation from local climatology,False,False,none
2026-09-07 11:00:00,AWS_KOCHI,30.2,30.2,1013.2,1013.2,72.0,72.0,0.05432526501955933,0.027162632509779665,Normal,Unclassified multivariate anomaly (novel pattern flagged by ML),False,False,none
2026-09-07 11:00:00,AWS_JAISALMER,32.0,32.0,982.0,982.0,53.0,53.0,0.09194721354748445,0.21264027344040887,Normal,Data spike: implausible instantaneous jump,False,False,none
2026-09-07 12:00:00,AWS_JAISALMER,33.1,33.1,981.6,981.6,49.0,49.0,0.05858322404561971,0.029291612022809856,Normal,Data spike: implausible instantaneous jump,False,False,none
2026-09-07 12:00:00,AWS_GURGAON,32.1,32.1,981.9,981.9,59.0,59.0,0.07090852505507146,0.03545426252753573,Normal,Data spike: implausible instantaneous jump,False,False,none
2026-09-07 12:00:00,AWS_BLR,29.8,29.8,915.0,915.0,42.0,42.0,0.055411304920338376,0.027705652460169188,Normal,Calibration drift: sustained deviation from local climatology,False,False,none
2026-09-07 12:00:00,AWS_NOIDA,32.1,32.1,984.4,984.4,63.0,63.0,0.051015346127725326,0.025507673063862663,Normal,Calibration drift: sustained deviation from local climatology,False,False,none
2026-09-07 12:00:00,AWS_SHIMLA,19.6,16.1,811.3,808.8,75.0,96.0,0.4012395756010908,0.5339531211338787,Medium,Sensor fault: reading outside physically possible range,True,False,none
2026-09-07 12:00:00,AWS_KOCHI,29.9,29.9,1012.4,1012.4,73.0,73.0,0.06826728235061064,0.03413364117530532,Normal,Calibration drift: sustained deviation from local climatology,False,False,none
2026-09-07 12:00:00,AWS_DELHI,31.9,31.9,982.7,982.7,61.0,61.0,0.07176497277325111,0.035882486386625556,Normal,Unclassified multivariate anomaly (novel pattern flagged by ML),False,False,none
2026-09-07 13:00:00,AWS_JAISALMER,34.0,34.0,980.8,980.8,45.0,45.0,0.1216894096096787,0.22751137147150602,Normal,Data spike: implausible instantaneous jump,False,False,none
2026-09-07 13:00:00,AWS_KOCHI,29.8,29.8,1011.7,1011.7,73.0,73.0,0.04976096288796738,0.02488048144398369,Normal,Calibration drift: sustained deviation from local climatology,False,False,none
2026-09-07 13:00:00,AWS_DELHI,32.4,32.4,981.7,981.7,58.0,58.0,0.09096785867510097,0.21215059600421715,Normal,Unclassified multivariate anomaly (novel pattern flagged by ML),False,False,none
2026-09-07 13:00:00,AWS_SHIMLA,20.7,16.1,811.1,808.75,72.0,95.0,0.28939592140414233,0.47803129403540445,Low,Sensor fault: reading outside physically possible range,True,False,none
2026-09-07 13:00:00,AWS_GURGAON,32.6,32.6,980.8,980.8,56.0,56.0,0.13357088927162478,0.23345211130247906,Normal,Data spike: implausible instantaneous jump,False,False,none
2026-09-07 13:00:00,AWS_BLR,30.6,30.6,914.1,914.1,39.0,39.0,0.0650799636138064,0.19920664847356986,Normal,Calibration drift: sustained deviation from local climatology,False,False,none
2026-09-07 13:00:00,AWS_NOIDA,32.4,32.4,983.4,983.4,60.0,60.0,0.07686348643685503,0.038431743218427517,Normal,Data spike: implausible instantaneous jump,False,False,none
2026-09-07 14:00:00,AWS_GURGAON,32.3,32.3,980.0,980.0,54.0,54.0,0.07340031197404859,0.036700155987024294,Normal,Data spike: implausible instantaneous jump,False,False,none
2026-09-07 14:00:00,AWS_JAISALMER,34.5,34.5,979.9,979.9,43.0,43.0,0.12870287864681004,0.23101810599007166,Normal,Data spike: implausible instantaneous jump,False,False,none
2026-09-07 14:00:00,AWS_DELHI,32.0,32.0,980.9,980.9,57.0,57.0,0.07380119794603424,0.37023393230635043,Normal,Unclassified multivariate anomaly (novel pattern flagged by ML),False,False,none
2026-09-07 14:00:00,AWS_KOCHI,29.5,29.5,1010.7,1010.7,75.0,75.0,0.06055450759137583,0.030277253795687915,Normal,Data spike: implausible instantaneous jump,False,False,none
2026-09-07 14:00:00,AWS_NOIDA,32.5,32.5,982.4,982.4,60.0,60.0,0.06474454303655995,0.032372271518279976,Normal,Data spike: implausible instantaneous jump,False,False,none
2026-09-07 14:00:00,AWS_SHIMLA,21.6,16.1,810.6,808.6500000000001,65.0,93.5,0.3347394039629801,0.66736970198149,Low,Sensor fault: reading outside physically possible range,True,False,none
2026-09-07 14:00:00,AWS_BLR,30.9,30.9,912.9,912.9,38.0,38.0,0.07780514929040568,0.2055692413118695,Normal,Calibration drift: sustained deviation from local climatology,False,False,none
2026-09-07 15:00:00,AWS_DELHI,31.1,31.1,980.3,980.3,59.0,59.0,0.09532155639426296,0.04766077819713148,Normal,Calibration drift: sustained deviation from local climatology,False,False,none
2026-09-07 15:00:00,AWS_GURGAON,30.8,30.8,979.4,979.4,64.0,64.0,0.09527003803857954,0.21430168568595642,Normal,Data spike: implausible instantaneous jump,False,False,none
2026-09-07 15:00:00,AWS_BLR,30.8,30.8,912.5,912.5,38.0,38.0,0.042104838118156115,0.18771908572574472,Normal,Calibration drift: sustained deviation from local climatology,False,False,none
2026-09-07 15:00:00,AWS_JAISALMER,34.6,34.6,979.3,979.3,42.0,42.0,0.05833725149949411,0.029168625749747056,Normal,Calibration drift: sustained deviation from local climatology,False,False,none
2026-09-07 15:00:00,AWS_NOIDA,30.3,30.3,982.0,982.0,71.0,71.0,0.06591392714725867,0.03295696357362934,Normal,Data spike: implausible instantaneous jump,False,False,none
2026-09-07 15:00:00,AWS_KOCHI,29.3,29.3,1010.3,1010.3,76.0,76.0,0.02176509658596502,0.01088254829298251,Normal,Calibration drift: sustained deviation from local climatology,False,False,none
2026-09-07 15:00:00,AWS_SHIMLA,20.9,16.1,809.8,808.6500000000001,69.0,93.0,0.28855005129553357,0.4776083589811001,Low,Sensor fault: reading outside physically possible range,True,False,none
2026-09-07 16:00:00,AWS_BLR,30.3,30.3,912.4,912.4,39.0,39.0,0.038140320814105455,0.18573682707371938,Normal,Calibration drift: sustained deviation from local climatology,False,False,none
2026-09-07 16:00:00,AWS_NOIDA,30.7,30.7,981.5,981.5,66.0,66.0,0.02861595915299313,0.014307979576496564,Normal,Calibration drift: sustained deviation from local climatology,False,False,none
2026-09-07 16:00:00,AWS_JAISALMER,34.3,34.3,978.8,978.8,43.0,43.0,0.040368450717129106,0.020184225358564553,Normal,Calibration drift: sustained deviation from local climatology,False,False,none
2026-09-07 16:00:00,AWS_GURGAON,30.9,30.9,979.0,979.0,64.0,64.0,0.04227746770896418,0.02113873385448209,Normal,Localized fault: disagrees with neighboring stations,False,False,none
2026-09-07 16:00:00,AWS_KOCHI,28.9,28.9,1010.5,1010.5,78.0,78.0,0.027209852967234015,0.013604926483617007,Normal,none,False,False,none
2026-09-07 16:00:00,AWS_DELHI,31.1,31.1,979.9,979.9,61.0,61.0,0.07189273786955902,0.03594636893477951,Normal,Calibration drift: sustained deviation from local climatology,False,False,none
2026-09-07 16:00:00,AWS_SHIMLA,16.6,16.1,808.4,808.6500000000001,96.0,92.5,0.4646969601453254,0.7323484800726627,Medium,Sensor fault: reading outside physically possible range,True,False,none
2026-09-07 17:00:00,AWS_GURGAON,31.4,31.4,978.9,978.9,66.0,66.0,0.037746907213860086,0.018873453606930043,Normal,Localized fault: disagrees with neighboring stations,False,False,none
2026-09-07 17:00:00,AWS_KOCHI,28.9,28.9,1010.9,1010.9,77.0,77.0,0.019901855897580777,0.009950927948790388,Normal,Calibration drift: sustained deviation from local climatology,False,False,none
2026-09-07 17:00:00,AWS_JAISALMER,34.4,34.4,978.8,978.8,43.0,43.0,0.03167135742762239,0.015835678713811197,Normal,Calibration drift: sustained deviation from local climatology,False,False,none
2026-09-07 17:00:00,AWS_BLR,29.9,29.9,912.7,912.7,39.0,39.0,0.0370343467943203,0.18518384006382682,Normal,Calibration drift: sustained deviation from local climatology,False,False,none
2026-09-07 17:00:00,AWS_SHIMLA,17.1,16.1,808.6,808.6500000000001,96.0,92.0,0.23634569397729982,0.28483951365531657,Low,Sensor fault: reading outside physically possible range,True,False,none
2026-09-07 17:00:00,AWS_DELHI,31.6,31.6,979.8,979.8,62.0,62.0,0.06239628899744059,0.031198144498720295,Normal,Calibration drift: sustained deviation from local climatology,False,False,none
2026-09-07 17:00:00,AWS_NOIDA,31.4,31.4,981.4,981.4,69.0,69.0,0.019946430812928885,0.009973215406464443,Normal,none,False,False,none
2026-09-07 18:00:00,AWS_DELHI,30.3,30.3,980.4,980.4,70.0,70.0,0.10348597152183198,0.05174298576091599,Normal,Unclassified multivariate anomaly (novel pattern flagged by ML),False,False,none
2026-09-07 18:00:00,AWS_GURGAON,30.0,30.0,979.5,979.5,74.0,74.0,0.07173086203185658,0.03586543101592829,Normal,Localized fault: disagrees with neighboring stations,False,False,none
2026-09-07 18:00:00,AWS_BLR,28.1,28.1,913.1,913.1,46.0,46.0,0.056448071784086104,0.028224035892043052,Normal,Calibration drift: sustained deviation from local climatology,False,False,none
2026-09-07 18:00:00,AWS_NOIDA,30.0,30.0,981.9,981.9,74.0,74.0,0.03438643855719168,0.01719321927859584,Normal,none,False,False,none
2026-09-07 18:00:00,AWS_SHIMLA,16.4,16.1,808.6,808.6500000000001,99.0,92.0,0.2436117414815038,0.28847253740741857,Low,Sensor fault: reading outside physically possible range,True,False,none
2026-09-07 18:00:00,AWS_KOCHI,28.2,28.2,1011.6,1011.6,83.0,83.0,0.09472346839346253,0.21402840086339792,Normal,Data spike: implausible instantaneous jump,False,False,none
2026-09-07 18:00:00,AWS_JAISALMER,33.0,33.0,979.0,979.0,48.0,48.0,0.03914044060016607,0.019570220300083034,Normal,Calibration drift: sustained deviation from local climatology,False,False,none
2026-09-07 19:00:00,AWS_KOCHI,27.9,27.9,1012.5,1012.5,85.0,85.0,0.03457486899101693,0.017287434495508465,Normal,Data spike: implausible instantaneous jump,False,False,none
2026-09-07 19:00:00,AWS_JAISALMER,31.4,31.4,979.5,979.5,54.0,54.0,0.033694696750338,0.016847348375169,Normal,none,False,False,none
2026-09-07 19:00:00,AWS_SHIMLA,15.9,16.1,808.2,808.6500000000001,98.0,92.0,0.24160711187240166,0.2874702226028675,Low,Sensor fault: reading outside physically possible range,True,False,none
2026-09-07 19:00:00,AWS_DELHI,29.9,29.9,980.8,980.8,69.0,69.0,0.06470839890250424,0.19902086611791878,Normal,Localized fault: disagrees with neighboring stations,False,False,none
2026-09-07 19:00:00,AWS_NOIDA,28.4,28.4,982.5,982.5,80.0,80.0,0.04752790736056249,0.023763953680281245,Normal,none,False,False,none
2026-09-07 19:00:00,AWS_BLR,27.5,27.5,913.6,913.6,52.0,52.0,0.031824851174984764,0.015912425587492382,Normal,Calibration drift: sustained deviation from local climatology,False,False,none
2026-09-07 19:00:00,AWS_GURGAON,29.2,29.2,980.1,980.1,76.0,76.0,0.0238416562977196,0.0119208281488598,Normal,none,False,False,none
2026-09-07 20:00:00,AWS_BLR,26.8,26.8,914.1,914.1,56.0,56.0,0.03135976974094374,0.01567988487047187,Normal,none,False,False,none
2026-09-07 20:00:00,AWS_KOCHI,27.7,27.7,1013.4,1013.4,87.0,87.0,0.036725382858827996,0.018362691429413998,Normal,Data spike: implausible instantaneous jump,False,False,none
2026-09-07 20:00:00,AWS_GURGAON,27.9,27.9,980.7,980.7,78.0,78.0,0.0421264031489077,0.02106320157445385,Normal,none,False,False,none
2026-09-07 20:00:00,AWS_SHIMLA,15.8,16.299999999999997,808.7,808.75,96.0,92.0,0.23918806892764985,0.28626070113049157,Low,Sensor fault: reading outside physically possible range,True,False,none
2026-09-07 20:00:00,AWS_DELHI,29.1,29.1,981.4,981.4,74.0,74.0,0.10337433510574212,0.21835383421953772,Normal,Localized fault: disagrees with neighboring stations,False,False,none
2026-09-07 20:00:00,AWS_JAISALMER,30.7,30.7,979.9,979.9,56.0,56.0,0.015262088286574467,0.007631044143287234,Normal,none,False,False,none
2026-09-07 20:00:00,AWS_NOIDA,27.2,27.2,983.2,983.2,85.0,85.0,0.04852046350554731,0.024260231752773656,Normal,none,False,False,none
2026-09-07 21:00:00,AWS_SHIMLA,15.6,16.299999999999997,808.8,808.75,94.0,91.5,0.23935453628626074,0.28634393480979703,Low,Sensor fault: reading outside physically possible range,True,False,none
2026-09-07 21:00:00,AWS_JAISALMER,30.0,30.0,980.6,980.6,59.0,59.0,0.036993293224462764,0.018496646612231382,Normal,Calibration drift: sustained deviation from local climatology,False,False,none
2026-09-07 21:00:00,AWS_KOCHI,27.5,27.5,1014.0,1014.0,89.0,89.0,0.017472020033741514,0.008736010016870757,Normal,none,False,False,none
2026-09-07 21:00:00,AWS_DELHI,28.4,28.4,982.2,982.2,77.0,77.0,0.09475446763162834,0.21404390048248084,Normal,Localized fault: disagrees with neighboring stations,False,False,none
2026-09-07 21:00:00,AWS_NOIDA,26.7,26.7,983.8,983.8,87.0,87.0,0.027399730436415085,0.013699865218207543,Normal,Calibration drift: sustained deviation from local climatology,False,False,none
2026-09-07 21:00:00,AWS_GURGAON,27.1,27.1,981.3,981.3,79.0,79.0,0.02674313728909084,0.01337156864454542,Normal,none,False,False,none
2026-09-07 21:00:00,AWS_BLR,26.2,26.2,914.6,914.6,56.0,56.0,0.02271413255115835,0.011357066275579175,Normal,none,False,False,none
2026-09-07 22:00:00,AWS_DELHI,27.6,27.6,982.5,982.5,79.0,79.0,0.08963976848844217,0.21148655091088775,Normal,Localized fault: disagrees with neighboring stations,False,False,none
2026-09-07 22:00:00,AWS_BLR,24.9,24.9,915.2,915.2,61.0,61.0,0.044731454261900505,0.022365727130950253,Normal,Data spike: implausible instantaneous jump,False,False,none
2026-09-07 22:00:00,AWS_GURGAON,26.2,26.2,981.4,981.4,83.0,83.0,0.058599960857387626,0.029299980428693813,Normal,Data spike: implausible instantaneous jump,False,False,none
2026-09-07 22:00:00,AWS_SHIMLA,15.6,16.299999999999997,808.8,808.75,91.0,91.5,0.24324190561330256,0.28828761947331794,Low,Sensor fault: reading outside physically possible range,True,False,none
2026-09-07 22:00:00,AWS_NOIDA,26.5,26.5,984.0,984.0,89.0,89.0,0.027845217185676452,0.013922608592838226,Normal,Calibration drift: sustained deviation from local climatology,False,False,none
2026-09-07 22:00:00,AWS_KOCHI,27.4,27.4,1014.4,1014.4,90.0,90.0,0.017620297566207466,0.008810148783103733,Normal,none,False,False,none
2026-09-07 22:00:00,AWS_JAISALMER,29.4,29.4,981.2,981.2,62.0,62.0,0.028403978852615485,0.014201989426307743,Normal,Calibration drift: sustained deviation from local climatology,False,False,none
2026-09-07 23:00:00,AWS_GURGAON,26.1,26.1,981.0,981.0,84.0,84.0,0.037755621993612244,0.018877810996806122,Normal,Calibration drift: sustained deviation from local climatology,False,False,none
2026-09-07 23:00:00,AWS_SHIMLA,16.2,16.299999999999997,809.1,808.75,89.0,91.5,0.24420961743323122,0.2887714753832823,Low,Sensor fault: reading outside physically possible range,True,False,none
2026-09-07 23:00:00,AWS_JAISALMER,29.5,29.5,980.8,980.8,63.0,63.0,0.018459841802870514,0.009229920901435257,Normal,Calibration drift: sustained deviation from local climatology,False,False,none
2026-09-07 23:00:00,AWS_BLR,24.3,24.3,914.7,914.7,67.0,67.0,0.038129525703219806,0.019064762851609903,Normal,Data spike: implausible instantaneous jump,False,False,none
2026-09-07 23:00:00,AWS_NOIDA,26.8,26.8,983.5,983.5,89.0,89.0,0.02664224070192146,0.01332112035096073,Normal,Calibration drift: sustained deviation from local climatology,False,False,none
2026-09-07 23:00:00,AWS_KOCHI,27.5,27.5,1013.8,1013.8,89.0,89.0,0.016857300155316595,0.008428650077658298,Normal,none,False,False,none
2026-09-07 23:00:00,AWS_DELHI,27.3,27.3,982.1,982.1,83.0,83.0,0.07621175697256477,0.038105878486282385,Normal,Data spike: implausible instantaneous jump,False,False,none
2026-09-08 00:00:00,AWS_BLR,23.3,23.3,914.3,914.3,75.0,75.0,0.05052492982276185,0.025262464911380924,Normal,Data spike: implausible instantaneous jump,False,False,none
2026-09-08 00:00:00,AWS_GURGAON,25.7,25.7,980.9,980.9,85.0,85.0,0.04011643790095309,0.020058218950476544,Normal,Calibration drift: sustained deviation from local climatology,False,False,none
2026-09-08 00:00:00,AWS_JAISALMER,28.8,28.8,980.4,980.4,65.0,65.0,0.017302431384562843,0.008651215692281422,Normal,none,False,False,none
2026-09-08 00:00:00,AWS_NOIDA,26.4,26.4,983.5,983.5,90.0,90.0,0.020755102929385753,0.010377551464692877,Normal,Calibration drift: sustained deviation from local climatology,False,False,none
2026-09-08 00:00:00,AWS_KOCHI,27.0,27.0,1013.3,1013.3,92.0,92.0,0.04605781125415765,0.023028905627078825,Normal,Data spike: implausible instantaneous jump,False,False,none
2026-09-08 00:00:00,AWS_DELHI,26.5,26.5,981.9,981.9,83.0,83.0,0.05400361426007915,0.027001807130039576,Normal,none,False,False,none
2026-09-08 00:00:00,AWS_SHIMLA,15.3,16.299999999999997,808.4,808.75,91.0,91.5,0.2630264074637153,0.29817987039852434,Low,Sensor fault: reading outside physically possible range,True,False,none
2026-09-08 01:00:00,AWS_GURGAON,25.5,25.5,980.7,980.7,86.0,86.0,0.04199856303884426,0.02099928151942213,Normal,Calibration drift: sustained deviation from local climatology,False,False,none
2026-09-08 01:00:00,AWS_JAISALMER,28.3,28.3,980.5,980.5,67.0,67.0,0.01414270024082695,0.007071350120413475,Normal,Calibration drift: sustained deviation from local climatology,False,False,none
2026-09-08 01:00:00,AWS_NOIDA,26.2,26.2,983.3,983.3,88.0,88.0,0.021894327408869988,0.010947163704434994,Normal,Calibration drift: sustained deviation from local climatology,False,False,none
2026-09-08 01:00:00,AWS_KOCHI,26.8,26.8,1012.6,1012.6,92.0,92.0,0.02329593552986767,0.011647967764933835,Normal,none,False,False,none
2026-09-08 01:00:00,AWS_DELHI,26.1,26.1,981.7,981.7,83.0,83.0,0.03578293776466308,0.01789146888233154,Normal,Calibration drift: sustained deviation from local climatology,False,False,none
2026-09-08 01:00:00,AWS_SHIMLA,14.7,16.299999999999997,807.7,808.75,93.0,91.5,0.2590398240879027,0.29618657871061804,Low,Sensor fault: reading outside physically possible range,True,False,none
2026-09-08 01:00:00,AWS_BLR,22.8,22.8,913.7,913.7,81.0,81.0,0.033365038467678215,0.016682519233839108,Normal,none,False,False,none
2026-09-08 02:00:00,AWS_SHIMLA,14.4,16.299999999999997,807.2,808.75,93.0,91.5,0.24586603512852914,0.28959968423093124,Low,Sensor fault: reading outside physically possible range,True,False,none
2026-09-08 02:00:00,AWS_NOIDA,26.0,26.0,982.8,982.8,84.0,84.0,0.0448016690374838,0.0224008345187419,Normal,Calibration drift: sustained deviation from local climatology,False,False,none
2026-09-08 02:00:00,AWS_JAISALMER,27.4,27.4,980.1,980.1,71.0,71.0,0.03702590281000473,0.018512951405002365,Normal,none,False,False,none
2026-09-08 02:00:00,AWS_DELHI,25.8,25.8,981.2,981.2,84.0,84.0,0.044948042014450414,0.022474021007225207,Normal,Calibration drift: sustained deviation from local climatology,False,False,none
2026-09-08 02:00:00,AWS_GURGAON,25.1,25.1,980.2,980.2,88.0,88.0,0.07100245861059372,0.03550122930529686,Normal,Calibration drift: sustained deviation from local climatology,False,False,none
2026-09-08 02:00:00,AWS_BLR,22.3,22.3,913.2,913.2,85.0,85.0,0.014607162205228973,0.007303581102614486,Normal,Calibration drift: sustained deviation from local climatology,False,False,none
2026-09-08 02:00:00,AWS_KOCHI,26.6,26.6,1012.0,1012.0,93.0,93.0,0.015138903096187583,0.007569451548093791,Normal,none,False,False,none
2026-09-08 03:00:00,AWS_SHIMLA,14.1,16.299999999999997,806.7,808.75,92.0,91.5,0.2507996982575234,0.29206651579542836,Low,Sensor fault: reading outside physically possible range,True,False,none
2026-09-08 03:00:00,AWS_JAISALMER,26.6,26.6,980.2,980.2,75.0,75.0,0.02904736211850934,0.01452368105925467,Normal,none,False,False,none
2026-09-08 03:00:00,AWS_BLR,21.8,21.8,912.8,912.8,87.0,87.0,0.01459162877213393,0.007295814386066965,Normal,Calibration drift: sustained deviation from local climatology,False,False,none
2026-09-08 03:00:00,AWS_DELHI,25.5,25.5,980.8,980.8,86.0,86.0,0.03821926654583211,0.019109633272916055,Normal,Calibration drift: sustained deviation from local climatology,False,False,none
2026-09-08 03:00:00,AWS_GURGAON,24.8,24.8,980.0,980.0,90.0,90.0,0.05370498470964705,0.026852492354823523,Normal,Calibration drift: sustained deviation from local climatology,False,False,none
2026-09-08 03:00:00,AWS_NOIDA,25.6,25.6,982.4,982.4,84.0,84.0,0.03889929196489322,0.01944964598244661,Normal,Calibration drift: sustained deviation from local climatology,False,False,none
2026-09-08 03:00:00,AWS_KOCHI,26.4,26.4,1011.6,1011.6,89.0,89.0,0.04903194331525955,0.024515971657629775,Normal,Data spike: implausible instantaneous jump,False,False,none
2026-09-08 04:00:00,AWS_NOIDA,25.3,25.3,982.2,982.2,85.0,85.0,0.045326478101978984,0.022663239050989492,Normal,Calibration drift: sustained deviation from local climatology,False,False,none
2026-09-08 04:00:00,AWS_BLR,21.2,21.2,912.8,912.8,89.0,89.0,0.016615617853567966,0.008307808926783983,Normal,Calibration drift: sustained deviation from local climatology,False,False,none
2026-09-08 04:00:00,AWS_GURGAON,24.7,24.7,979.8,979.8,90.0,90.0,0.046783460127611344,0.023391730063805672,Normal,Calibration drift: sustained deviation from local climatology,False,False,none
2026-09-08 04:00:00,AWS_JAISALMER,25.8,25.8,980.6,980.6,79.0,79.0,0.03221919242517773,0.016109596212588864,Normal,Calibration drift: sustained deviation from local climatology,False,False,none
2026-09-08 04:00:00,AWS_KOCHI,26.2,26.2,1011.7,1011.7,93.0,93.0,0.054025477215473794,0.027012738607736897,Normal,Data spike: implausible instantaneous jump,False,False,none
2026-09-08 04:00:00,AWS_SHIMLA,14.2,16.299999999999997,806.4,808.75,91.0,91.5,0.24807380420323855,0.29070356876828596,Low,Sensor fault: reading outside physically possible range,True,False,none
2026-09-08 04:00:00,AWS_DELHI,25.2,25.2,980.7,980.7,88.0,88.0,0.03928507691272981,0.019642538456364905,Normal,Calibration drift: sustained deviation from local climatology,False,False,none
2026-09-08 05:00:00,AWS_KOCHI,26.4,26.4,1011.8,1011.8,91.0,91.0,0.011284610972661672,0.005642305486330836,Normal,none,False,False,none
2026-09-08 05:00:00,AWS_JAISALMER,25.4,25.4,980.6,980.6,81.0,81.0,0.02164831246907235,0.010824156234536175,Normal,Calibration drift: sustained deviation from local climatology,False,False,none
2026-09-08 05:00:00,AWS_GURGAON,26.0,27.1,980.4,980.8,81.0,77.0,0.15023878381223874,0.241786058572786,Low,Data spike: implausible instantaneous jump,True,False,none
2026-09-08 05:00:00,AWS_SHIMLA,14.7,16.299999999999997,807.1,808.8,93.0,91.0,0.2649050117779729,0.2991191725556531,Low,Sensor fault: reading outside physically possible range,True,False,none
2026-09-08 05:00:00,AWS_BLR,21.2,21.2,913.3,913.3,89.0,89.0,0.018026211639104273,0.009013105819552137,Normal,Calibration drift: sustained deviation from local climatology,False,False,none
2026-09-08 05:00:00,AWS_DELHI,25.8,25.8,981.1,981.1,81.0,81.0,0.10228907539529135,0.21781120436431234,Normal,Data spike: implausible instantaneous jump,False,False,none
2026-09-08 05:00:00,AWS_NOIDA,25.9,25.9,982.9,982.9,80.0,80.0,0.07276668022330998,0.03638334011165499,Normal,Data spike: implausible instantaneous jump,False,False,none
2026-09-08 06:00:00,AWS_JAISALMER,24.7,24.7,981.3,981.3,84.0,84.0,0.07757020048236356,0.20545176690784844,Normal,Data spike: implausible instantaneous jump,False,False,none
2026-09-08 06:00:00,AWS_GURGAON,25.6,25.6,980.9,980.9,80.0,80.0,0.045568851395216256,0.022784425697608128,Normal,Calibration drift: sustained deviation from local climatology,False,False,none
2026-09-08 06:00:00,AWS_SHIMLA,14.5,16.299999999999997,807.3,808.9,94.0,91.0,0.24230203809777937,0.2878176857155563,Low,Sensor fault: reading outside physically possible range,True,False,none
2026-09-08 06:00:00,AWS_DELHI,25.5,25.5,981.5,981.5,81.0,81.0,0.04159826471259838,0.02079913235629919,Normal,Calibration drift: sustained deviation from local climatology,False,False,none
2026-09-08 06:00:00,AWS_NOIDA,25.9,25.9,983.3,983.3,82.0,82.0,0.02043067789347189,0.010215338946735946,Normal,Calibration drift: sustained deviation from local climatology,False,False,none
2026-09-08 06:00:00,AWS_BLR,20.8,20.8,913.7,913.7,91.0,91.0,0.019053308756142594,0.009526654378071297,Normal,Calibration drift: sustained deviation from local climatology,False,False,none
2026-09-08 06:00:00,AWS_KOCHI,26.1,26.1,1012.4,1012.4,92.0,92.0,0.013310081643723366,0.006655040821861683,Normal,none,False,False,none
2026-09-08 07:00:00,AWS_BLR,21.9,21.9,914.6,914.6,83.0,83.0,0.08442390975756792,0.20887862154545062,Normal,Data spike: implausible instantaneous jump,False,False,none
2026-09-08 07:00:00,AWS_JAISALMER,25.1,25.1,981.9,981.9,81.0,81.0,0.053144439824805344,0.026572219912402672,Normal,Calibration drift: sustained deviation from local climatology,False,False,none
2026-09-08 07:00:00,AWS_DELHI,26.2,26.2,982.3,982.3,84.0,84.0,0.09457521304453087,0.047287606522265435,Normal,Localized fault: disagrees with neighboring stations,False,False,none
2026-09-08 07:00:00,AWS_SHIMLA,17.3,16.7,809.2,808.9,92.0,91.0,0.37451815661537313,0.5205924116410199,Low,Sensor fault: reading outside physically possible range,True,False,none
2026-09-08 07:00:00,AWS_KOCHI,26.7,27.7,1013.4,1012.5,83.0,85.0,0.15887996524874226,0.2461066492910378,Low,Data spike: implausible instantaneous jump,True,False,none
2026-09-08 07:00:00,AWS_NOIDA,26.8,26.8,983.9,983.9,79.0,79.0,0.054436875131284236,0.027218437565642118,Normal,Data spike: implausible instantaneous jump,False,False,none
2026-09-08 07:00:00,AWS_GURGAON,26.2,26.2,981.5,981.5,78.0,78.0,0.05959596948014111,0.029797984740070557,Normal,Calibration drift: sustained deviation from local climatology,False,False,none
2026-09-08 08:00:00,AWS_SHIMLA,18.5,16.799999999999997,810.1,808.9,83.0,91.0,0.3581725956940976,0.5124196311803821,Low,Sensor fault: reading outside physically possible range,True,False,none
2026-09-08 08:00:00,AWS_GURGAON,27.1,27.1,982.0,982.0,75.0,75.0,0.08283991305511305,0.04141995652755653,Normal,Localized fault: disagrees with neighboring stations,False,False,none
2026-09-08 08:00:00,AWS_NOIDA,28.3,28.3,984.4,984.4,76.0,76.0,0.0855673217604511,0.20945032754689222,Normal,Data spike: implausible instantaneous jump,False,False,none
2026-09-08 08:00:00,AWS_KOCHI,27.7,27.7,1014.3,1014.3,82.0,82.0,0.09707938519920094,0.21520635926626713,Normal,Data spike: implausible instantaneous jump,False,False,none
2026-09-08 08:00:00,AWS_JAISALMER,26.2,26.2,982.5,982.5,76.0,76.0,0.07235105079456058,0.03617552539728029,Normal,Data spike: implausible instantaneous jump,False,False,none
2026-09-08 08:00:00,AWS_BLR,23.9,26.2,915.5,913.7,70.0,56.0,0.1616162946171118,0.24747481397522256,Low,Data spike: implausible instantaneous jump,True,False,none
2026-09-08 08:00:00,AWS_DELHI,27.9,27.9,982.8,982.8,77.0,77.0,0.1415508551213844,0.23744209422735885,Normal,Data spike: implausible instantaneous jump,False,False,none
2026-09-08 09:00:00,AWS_SHIMLA,20.7,16.799999999999997,811.3,808.9,65.0,91.0,0.46338716464134794,0.7316935823206739,Medium,Sensor fault: reading outside physically possible range,True,False,none
2026-09-08 09:00:00,AWS_KOCHI,28.7,28.7,1014.3,1014.3,76.0,76.0,0.11094028964283294,0.22213681148808312,Normal,Data spike: implausible instantaneous jump,False,False,none
2026-09-08 09:00:00,AWS_DELHI,28.9,28.9,983.3,983.3,70.0,70.0,0.09003353061820703,0.045016765309103514,Normal,Data spike: implausible instantaneous jump,False,False,none
2026-09-08 09:00:00,AWS_JAISALMER,27.7,27.7,982.8,982.8,68.0,68.0,0.1070214491952886,0.22017739126431096,Normal,Data spike: implausible instantaneous jump,False,False,none
2026-09-08 09:00:00,AWS_GURGAON,26.7,26.7,982.7,982.7,75.0,75.0,0.12322332082744683,0.2282783270803901,Normal,Localized fault: disagrees with neighboring stations,False,False,none
2026-09-08 09:00:00,AWS_BLR,26.1,26.1,915.8,915.8,58.0,58.0,0.10144895887513938,0.21739114610423635,Normal,Data spike: implausible instantaneous jump,False,False,none
2026-09-08 09:00:00,AWS_NOIDA,29.8,29.8,984.8,984.8,68.0,68.0,0.10714669523389901,0.22024001428361617,Normal,Data spike: implausible instantaneous jump,False,False,none
2026-09-08 10:00:00,AWS_KOCHI,29.1,29.1,1013.9,1013.9,75.0,75.0,0.04419775493976757,0.022098877469883784,Normal,Calibration drift: sustained deviation from local climatology,False,False,none
2026-09-08 10:00:00,AWS_BLR,28.0,28.0,915.7,915.7,49.0,49.0,0.08768064615905218,0.21050698974619275,Normal,Data spike: implausible instantaneous jump,False,False,none
2026-09-08 10:00:00,AWS_SHIMLA,22.1,16.799999999999997,812.1,808.9,57.0,91.0,0.41612913198073626,0.7080645659903682,Medium,Sensor fault: reading outside physically possible range,True,False,none
2026-09-08 10:00:00,AWS_GURGAON,28.4,28.4,982.9,982.9,71.0,71.0,0.14175736018142296,0.4042120134240448,Normal,Data spike: implausible instantaneous jump,False,False,none
2026-09-08 10:00:00,AWS_JAISALMER,29.1,29.1,982.8,982.8,61.0,61.0,0.07086000741129869,0.202096670372316,Normal,Data spike: implausible instantaneous jump,False,False,none
2026-09-08 10:00:00,AWS_NOIDA,30.7,30.7,985.1,985.1,64.0,64.0,0.08801270164871715,0.044006350824358574,Normal,Localized fault: disagrees with neighboring stations,False,False,none
2026-09-08 10:00:00,AWS_DELHI,29.5,29.5,983.6,983.6,69.0,69.0,0.044017800046066737,0.022008900023033368,Normal,Unclassified multivariate anomaly (novel pattern flagged by ML),False,False,none
2026-09-08 11:00:00,AWS_GURGAON,31.5,28.049999999999997,982.6,980.4,63.0,75.0,0.18360446581913553,0.2584688995762344,Low,Data spike: implausible instantaneous jump,True,False,none
2026-09-08 11:00:00,AWS_KOCHI,29.7,29.7,1013.7,1013.7,72.0,72.0,0.0738609786157826,0.0369304893078913,Normal,Unclassified multivariate anomaly (novel pattern flagged by ML),False,False,none
2026-09-08 11:00:00,AWS_JAISALMER,30.9,30.9,982.8,982.8,52.0,52.0,0.09395655315388157,0.21364494324360744,Normal,Data spike: implausible instantaneous jump,False,False,none
2026-09-08 11:00:00,AWS_SHIMLA,22.3,16.799999999999997,812.6,808.7,59.0,91.0,0.31931020497493473,0.6596551024874674,Low,Sensor fault: reading outside physically possible range,True,False,none
2026-09-08 11:00:00,AWS_NOIDA,32.0,32.0,984.9,984.9,61.0,61.0,0.09666934655410833,0.048334673277054166,Normal,Data spike: implausible instantaneous jump,False,False,none
2026-09-08 11:00:00,AWS_BLR,29.1,29.1,915.5,915.5,44.0,44.0,0.043177315434921384,0.021588657717460692,Normal,Calibration drift: sustained deviation from local climatology,False,False,none
2026-09-08 11:00:00,AWS_DELHI,31.6,28.3,983.3,981.2,64.0,77.0,0.1822854011732175,0.42447603391994204,Low,Data spike: implausible instantaneous jump,True,False,none
2026-09-08 12:00:00,AWS_GURGAON,31.5,31.5,982.2,982.2,61.0,61.0,0.053308033760735056,0.026654016880367528,Normal,Localized fault: disagrees with neighboring stations,False,False,none
2026-09-08 12:00:00,AWS_JAISALMER,32.2,32.2,982.6,982.6,46.0,46.0,0.05720139955442981,0.028600699777214904,Normal,Calibration drift: sustained deviation from local climatology,False,False,none
2026-09-08 12:00:00,AWS_NOIDA,32.7,32.7,984.4,984.4,58.0,58.0,0.08189690761183574,0.04094845380591787,Normal,Localized fault: disagrees with neighboring stations,False,False,none
2026-09-08 12:00:00,AWS_DELHI,31.4,31.4,982.9,982.9,62.0,62.0,0.04866121491860182,0.02433060745930091,Normal,Unclassified multivariate anomaly (novel pattern flagged by ML),False,False,none
2026-09-08 12:00:00,AWS_KOCHI,29.4,29.4,1012.9,1012.9,73.0,73.0,0.0556876063928855,0.02784380319644275,Normal,Calibration drift: sustained deviation from local climatology,False,False,none
2026-09-08 12:00:00,AWS_BLR,29.8,29.8,914.9,914.9,40.0,40.0,0.048699464092840206,0.19101639871308676,Normal,Calibration drift: sustained deviation from local climatology,False,False,none
2026-09-08 12:00:00,AWS_SHIMLA,22.3,16.799999999999997,812.3,808.3,59.0,91.5,0.31156921561557727,0.6557846078077887,Low,Sensor fault: reading outside physically possible range,True,False,none
2026-09-08 13:00:00,AWS_KOCHI,29.5,29.5,1012.2,1012.2,73.0,73.0,0.047361791206258094,0.023680895603129047,Normal,Calibration drift: sustained deviation from local climatology,False,False,none
2026-09-08 13:00:00,AWS_NOIDA,31.6,31.6,983.5,983.5,63.0,63.0,0.12306539706855309,0.2281993652009432,Normal,Data spike: implausible instantaneous jump,False,False,none
2026-09-08 13:00:00,AWS_GURGAON,31.8,31.8,981.2,981.2,63.0,63.0,0.09298664877233086,0.2131599910528321,Normal,Data spike: implausible instantaneous jump,False,False,none
2026-09-08 13:00:00,AWS_JAISALMER,33.2,33.2,981.9,981.9,41.0,41.0,0.06917493112327253,0.03458746556163626,Normal,Calibration drift: sustained deviation from local climatology,False,False,none
2026-09-08 13:00:00,AWS_SHIMLA,22.4,16.799999999999997,811.9,808.2,57.0,92.0,0.3166793314002036,0.6583396657001018,Low,Sensor fault: reading outside physically possible range,True,False,none
2026-09-08 13:00:00,AWS_BLR,30.1,30.1,914.0,914.0,39.0,39.0,0.06997957913101581,0.20165645623217457,Normal,Calibration drift: sustained deviation from local climatology,False,False,none
2026-09-08 13:00:00,AWS_DELHI,31.8,28.6,981.9,981.1,65.0,77.0,0.16433285103036038,0.24883309218184685,Low,Data spike: implausible instantaneous jump,True,False,none
2026-09-08 14:00:00,AWS_DELHI,32.4,28.6,980.9,981.0,62.0,77.0,0.1558765727382166,0.24460495303577495,Low,Data spike: implausible instantaneous jump,True,False,none
2026-09-08 14:00:00,AWS_SHIMLA,22.0,16.799999999999997,810.9,808.2,60.0,92.0,0.33893703114421997,0.66946851557211,Low,Sensor fault: reading outside physically possible range,True,False,none
2026-09-08 14:00:00,AWS_GURGAON,32.5,32.5,980.2,980.2,60.0,60.0,0.08867566865463604,0.21100450099398468,Normal,Data spike: implausible instantaneous jump,False,False,none
2026-09-08 14:00:00,AWS_NOIDA,32.4,32.4,982.5,982.5,61.0,61.0,0.1100382371964437,0.22168578526488852,Normal,Data spike: implausible instantaneous jump,False,False,none
2026-09-08 14:00:00,AWS_KOCHI,29.4,29.4,1011.0,1011.0,74.0,74.0,0.07066294784783878,0.03533147392391939,Normal,Data spike: implausible instantaneous jump,False,False,none
2026-09-08 14:00:00,AWS_BLR,31.0,31.0,912.5,912.5,37.0,37.0,0.10713227132866436,0.3868994689976655,Normal,Data spike: implausible instantaneous jump,False,False,none
2026-09-08 14:00:00,AWS_JAISALMER,33.9,33.9,980.8,980.8,37.0,37.0,0.10397391586682636,0.3853202912667465,Normal,Unclassified multivariate anomaly (novel pattern flagged by ML),False,False,none
2026-09-08 15:00:00,AWS_NOIDA,32.7,32.7,981.9,981.9,61.0,61.0,0.041222872233423025,0.020611436116711512,Normal,Calibration drift: sustained deviation from local climatology,False,False,none
2026-09-08 15:00:00,AWS_DELHI,32.4,32.4,980.4,980.4,59.0,59.0,0.0687796102139806,0.0343898051069903,Normal,Calibration drift: sustained deviation from local climatology,False,False,none
2026-09-08 15:00:00,AWS_SHIMLA,20.6,16.799999999999997,809.9,808.2,71.0,92.0,0.41890726458281663,0.5427869656247416,Medium,Sensor fault: reading outside physically possible range,True,False,none
2026-09-08 15:00:00,AWS_KOCHI,29.2,29.2,1010.7,1010.7,74.0,74.0,0.02840446405183278,0.01420223202591639,Normal,Calibration drift: sustained deviation from local climatology,False,False,none
2026-09-08 15:00:00,AWS_BLR,29.5,29.5,912.2,912.2,43.0,43.0,0.051778964258395385,0.025889482129197693,Normal,Calibration drift: sustained deviation from local climatology,False,False,none
2026-09-08 15:00:00,AWS_JAISALMER,34.3,34.3,980.1,980.1,36.0,36.0,0.06735162219059627,0.2003424777619648,Normal,Calibration drift: sustained deviation from local climatology,False,False,none
2026-09-08 15:00:00,AWS_GURGAON,32.4,32.4,979.7,979.7,59.0,59.0,0.03575409358233649,0.017877046791168246,Normal,Calibration drift: sustained deviation from local climatology,False,False,none
2026-09-08 16:00:00,AWS_KOCHI,28.9,28.9,1010.5,1010.5,76.0,76.0,0.041198184779320336,0.020599092389660168,Normal,Calibration drift: sustained deviation from local climatology,False,False,none
2026-09-08 16:00:00,AWS_DELHI,31.9,31.9,979.6,979.6,62.0,62.0,0.09957425733511101,0.21645379533422215,Normal,Data spike: implausible instantaneous jump,False,False,none
2026-09-08 16:00:00,AWS_BLR,29.3,29.3,911.7,911.7,44.0,44.0,0.029134436372429302,0.014567218186214651,Normal,Calibration drift: sustained deviation from local climatology,False,False,none
2026-09-08 16:00:00,AWS_GURGAON,32.1,32.1,978.8,978.8,60.0,60.0,0.066213910040953,0.0331069550204765,Normal,Data spike: implausible instantaneous jump,False,False,none
2026-09-08 16:00:00,AWS_NOIDA,32.2,32.2,981.1,981.1,62.0,62.0,0.06871466879000603,0.03435733439500301,Normal,Data spike: implausible instantaneous jump,False,False,none
2026-09-08 16:00:00,AWS_JAISALMER,34.2,34.2,979.7,979.7,36.0,36.0,0.05447948066827967,0.1939064070008065,Normal,Calibration drift: sustained deviation from local climatology,False,False,none
2026-09-08 16:00:00,AWS_SHIMLA,20.1,16.799999999999997,809.3,808.2,73.0,92.5,0.2676583743846042,0.30049585385896876,Low,Sensor fault: reading outside physically possible range,True,False,none
2026-09-08 17:00:00,AWS_SHIMLA,19.1,16.799999999999997,809.0,808.2,84.0,93.5,0.33533979085980414,0.5010032287632353,Low,Sensor fault: reading outside physically possible range,True,False,none
2026-09-08 17:00:00,AWS_BLR,29.0,29.0,911.9,911.9,43.0,43.0,0.030730980033880435,0.015365490016940217,Normal,Calibration drift: sustained deviation from local climatology,False,False,none
2026-09-08 17:00:00,AWS_DELHI,31.9,31.9,979.2,979.2,65.0,65.0,0.05636289120256245,0.028181445601281226,Normal,Calibration drift: sustained deviation from local climatology,False,False,none
2026-09-08 17:00:00,AWS_GURGAON,31.8,31.8,978.3,978.3,64.0,64.0,0.05711905147631971,0.028559525738159855,Normal,Data spike: implausible instantaneous jump,False,False,none
2026-09-08 17:00:00,AWS_NOIDA,31.9,31.9,980.9,980.9,64.0,64.0,0.043049212376470934,0.021524606188235467,Normal,Calibration drift: sustained deviation from local climatology,False,False,none
2026-09-08 17:00:00,AWS_JAISALMER,34.1,34.1,979.5,979.5,39.0,39.0,0.043194215311447834,0.18826377432239058,Normal,Calibration drift: sustained deviation from local climatology,False,False,none
2026-09-08 17:00:00,AWS_KOCHI,29.0,29.0,1010.4,1010.4,75.0,75.0,0.02485193385893529,0.012425966929467645,Normal,Calibration drift: sustained deviation from local climatology,False,False,none
2026-09-08 18:00:00,AWS_DELHI,31.0,31.0,979.2,979.2,71.0,71.0,0.11366152853823346,0.2234974309357834,Normal,Data spike: implausible instantaneous jump,False,False,none
2026-09-08 18:00:00,AWS_GURGAON,30.6,30.6,978.2,978.2,69.0,69.0,0.056473748785115595,0.028236874392557797,Normal,Data spike: implausible instantaneous jump,False,False,none
2026-09-08 18:00:00,AWS_KOCHI,28.3,28.3,1010.8,1010.8,78.0,78.0,0.05833679180681277,0.029168395903406384,Normal,Data spike: implausible instantaneous jump,False,False,none
2026-09-08 18:00:00,AWS_SHIMLA,17.2,17.2,808.2,808.2,97.0,94.0,0.29650156780977,0.3149174505715516,Low,Sensor fault: reading outside physically possible range,True,False,none
2026-09-08 18:00:00,AWS_NOIDA,30.2,30.2,980.7,980.7,72.0,72.0,0.08591020689845998,0.20962177011589664,Normal,Data spike: implausible instantaneous jump,False,False,none
2026-09-08 18:00:00,AWS_JAISALMER,32.4,32.4,979.4,979.4,46.0,46.0,0.048171259912764164,0.024085629956382082,Normal,Calibration drift: sustained deviation from local climatology,False,False,none
2026-09-08 18:00:00,AWS_BLR,27.9,27.9,912.2,912.2,48.0,48.0,0.02552205987206371,0.012761029936031855,Normal,Calibration drift: sustained deviation from local climatology,False,False,none
2026-09-08 19:00:00,AWS_JAISALMER,30.7,30.7,979.5,979.5,51.0,51.0,0.035144918737571945,0.017572459368785973,Normal,Calibration drift: sustained deviation from local climatology,False,False,none
2026-09-08 19:00:00,AWS_KOCHI,28.0,28.0,1011.6,1011.6,82.0,82.0,0.07084120400584937,0.20208726866959134,Normal,Data spike: implausible instantaneous jump,False,False,none
2026-09-08 19:00:00,AWS_SHIMLA,16.4,17.25,807.9,808.6,100.0,94.5,0.24695274404617312,0.2901430386897532,Low,Sensor fault: reading outside physically possible range,True,False,none
2026-09-08 19:00:00,AWS_GURGAON,29.7,29.7,978.6,978.6,73.0,73.0,0.043863156616608764,0.021931578308304382,Normal,Localized fault: disagrees with neighboring stations,False,False,none
2026-09-08 19:00:00,AWS_DELHI,30.4,30.4,979.4,979.4,72.0,72.0,0.04563609025776965,0.022818045128884825,Normal,Localized fault: disagrees with neighboring stations,False,False,none
2026-09-08 19:00:00,AWS_BLR,27.2,27.2,913.0,913.0,51.0,51.0,0.04764016956005541,0.023820084780027704,Normal,Data spike: implausible instantaneous jump,False,False,none
2026-09-08 19:00:00,AWS_NOIDA,29.9,29.9,981.0,981.0,72.0,72.0,0.0277790184415038,0.0138895092207519,Normal,none,False,False,none
2026-09-08 20:00:00,AWS_SHIMLA,16.3,17.2,808.2,808.2,98.0,97.0,0.2431807258986042,0.2882570296159688,Low,Sensor fault: reading outside physically possible range,True,False,none
2026-09-08 20:00:00,AWS_BLR,26.0,26.0,913.8,913.8,59.0,59.0,0.04698927014283349,0.023494635071416744,Normal,Data spike: implausible instantaneous jump,False,False,none
2026-09-08 20:00:00,AWS_DELHI,29.7,29.7,980.1,980.1,75.0,75.0,0.06567145119222453,0.03283572559611227,Normal,Localized fault: disagrees with neighboring stations,False,False,none
2026-09-08 20:00:00,AWS_KOCHI,27.8,27.8,1012.5,1012.5,83.0,83.0,0.03435965880597474,0.01717982940298737,Normal,Data spike: implausible instantaneous jump,False,False,none
2026-09-08 20:00:00,AWS_NOIDA,29.3,29.3,981.7,981.7,75.0,75.0,0.04359337921904365,0.021796689609521826,Normal,none,False,False,none
2026-09-08 20:00:00,AWS_GURGAON,28.9,28.9,979.4,979.4,77.0,77.0,0.05505794843963878,0.02752897421981939,Normal,Localized fault: disagrees with neighboring stations,False,False,none
2026-09-08 20:00:00,AWS_JAISALMER,29.9,29.9,979.8,979.8,54.0,54.0,0.018500713156984937,0.009250356578492469,Normal,none,False,False,none
2026-09-08 21:00:00,AWS_NOIDA,28.9,28.9,982.7,982.7,77.0,77.0,0.051116956722974775,0.025558478361487388,Normal,Data spike: implausible instantaneous jump,False,False,none
2026-09-08 21:00:00,AWS_SHIMLA,15.9,16.799999999999997,808.2,808.2,97.0,97.0,0.23812569812470474,0.28572951572901906,Low,Sensor fault: reading outside physically possible range,True,False,none
2026-09-08 21:00:00,AWS_BLR,24.7,24.7,914.5,914.5,67.0,67.0,0.043708626164610555,0.021854313082305277,Normal,Data spike: implausible instantaneous jump,False,False,none
2026-09-08 21:00:00,AWS_KOCHI,27.7,27.7,1013.2,1013.2,85.0,85.0,0.032614500421206914,0.016307250210603457,Normal,none,False,False,none
2026-09-08 21:00:00,AWS_DELHI,29.2,29.2,981.0,981.0,77.0,77.0,0.06797506710482154,0.03398753355241077,Normal,Localized fault: disagrees with neighboring stations,False,False,none
2026-09-08 21:00:00,AWS_GURGAON,28.2,28.2,980.3,980.3,78.0,78.0,0.052418164713236196,0.026209082356618098,Normal,Data spike: implausible instantaneous jump,False,False,none
2026-09-08 21:00:00,AWS_JAISALMER,29.2,29.2,980.5,980.5,56.0,56.0,0.043072452793291235,0.021536226396645618,Normal,Data spike: implausible instantaneous jump,False,False,none
2026-09-08 22:00:00,AWS_KOCHI,27.5,27.5,1013.5,1013.5,87.0,87.0,0.021648684094073174,0.010824342047036587,Normal,none,False,False,none
2026-09-08 22:00:00,AWS_BLR,23.6,23.6,914.8,914.8,72.0,72.0,0.019372759497786392,0.009686379748893196,Normal,none,False,False,none
2026-09-08 22:00:00,AWS_JAISALMER,28.7,28.7,980.8,980.8,58.0,58.0,0.01674213182384875,0.008371065911924375,Normal,Calibration drift: sustained deviation from local climatology,False,False,none
2026-09-08 22:00:00,AWS_GURGAON,27.9,27.9,980.5,980.5,75.0,75.0,0.02515300638343768,0.01257650319171884,Normal,none,False,False,none
2026-09-08 22:00:00,AWS_DELHI,28.3,28.3,981.3,981.3,81.0,81.0,0.06658794675287712,0.03329397337643856,Normal,Data spike: implausible instantaneous jump,False,False,none
2026-09-08 22:00:00,AWS_NOIDA,28.2,28.2,982.8,982.8,81.0,81.0,0.04184502597219206,0.02092251298609603,Normal,none,False,False,none
2026-09-08 22:00:00,AWS_SHIMLA,15.7,16.4,807.8,808.2,97.0,97.0,0.2379689437848749,0.2856511385591041,Low,Sensor fault: reading outside physically possible range,True,False,none
2026-09-08 23:00:00,AWS_NOIDA,28.6,28.6,982.6,982.6,82.0,82.0,0.010495569689318597,0.005247784844659298,Normal,none,False,False,none
2026-09-08 23:00:00,AWS_BLR,20.9,20.9,914.3,914.3,91.0,91.0,0.14179170738624217,0.23756252035978775,Normal,Data spike: implausible instantaneous jump,False,False,none
2026-09-08 23:00:00,AWS_JAISALMER,28.5,28.5,980.4,980.4,59.0,59.0,0.020222144337047925,0.010111072168523963,Normal,none,False,False,none
2026-09-08 23:00:00,AWS_KOCHI,27.2,27.2,1013.2,1013.2,85.0,85.0,0.022090352204606166,0.011045176102303083,Normal,none,False,False,none
2026-09-08 23:00:00,AWS_DELHI,28.6,28.6,981.1,981.1,80.0,80.0,0.02991152512202628,0.01495576256101314,Normal,none,False,False,none
2026-09-08 23:00:00,AWS_GURGAON,28.3,28.3,980.1,980.1,69.0,69.0,0.07541868838377963,0.20437601085855647,Normal,Data spike: implausible instantaneous jump,False,False,none
2026-09-08 23:00:00,AWS_SHIMLA,16.1,16.35,808.0,808.2,97.0,97.0,0.23793665015664509,0.2856349917449892,Low,Sensor fault: reading outside physically possible range,True,False,none
2026-09-09 00:00:00,AWS_SHIMLA,15.7,16.3,807.6,808.2,98.0,97.0,0.2405761528626681,0.28695474309800073,Low,Sensor fault: reading outside physically possible range,True,False,none
2026-09-09 00:00:00,AWS_KOCHI,26.9,26.9,1012.5,1012.5,87.0,87.0,0.020160641044694543,0.010080320522347272,Normal,none,False,False,none
2026-09-09 00:00:00,AWS_BLR,20.4,20.4,913.7,913.7,93.0,93.0,0.02713649432995708,0.01356824716497854,Normal,Calibration drift: sustained deviation from local climatology,False,False,none
2026-09-09 00:00:00,AWS_JAISALMER,27.8,27.8,980.1,980.1,61.0,61.0,0.012028609850526313,0.006014304925263157,Normal,none,False,False,none
2026-09-09 00:00:00,AWS_NOIDA,28.0,28.0,982.1,982.1,80.0,80.0,0.019130441159237774,0.009565220579618887,Normal,none,False,False,none
2026-09-09 00:00:00,AWS_DELHI,27.9,27.9,980.6,980.6,76.0,76.0,0.05041187760694114,0.02520593880347057,Normal,none,False,False,none
2026-09-09 00:00:00,AWS_GURGAON,27.7,27.7,979.7,979.7,74.0,74.0,0.058391945187001665,0.029195972593500832,Normal,Data spike: implausible instantaneous jump,False,False,none
2026-09-09 01:00:00,AWS_JAISALMER,27.5,27.5,980.1,980.1,63.0,63.0,0.009569469531608584,0.004784734765804292,Normal,none,False,False,none
2026-09-09 01:00:00,AWS_BLR,20.8,20.8,912.8,912.8,94.0,94.0,0.04564993315462471,0.022824966577312356,Normal,Calibration drift: sustained deviation from local climatology,False,False,none
2026-09-09 01:00:00,AWS_GURGAON,26.8,26.8,979.6,979.6,76.0,76.0,0.05629743210701716,0.02814871605350858,Normal,Localized fault: disagrees with neighboring stations,False,False,none
2026-09-09 01:00:00,AWS_NOIDA,27.5,27.5,981.8,981.8,81.0,81.0,0.016250396528857347,0.008125198264428674,Normal,none,False,False,none
2026-09-09 01:00:00,AWS_KOCHI,26.8,26.8,1012.0,1012.0,87.0,87.0,0.009326528031444306,0.004663264015722153,Normal,none,False,False,none
2026-09-09 01:00:00,AWS_SHIMLA,15.1,16.200000000000003,806.9,808.1,99.0,97.0,0.26023797803614845,0.2967856556847409,Low,Sensor fault: reading outside physically possible range,True,False,none
2026-09-09 01:00:00,AWS_DELHI,27.3,27.3,980.2,980.2,78.0,78.0,0.027813926319738738,0.013906963159869369,Normal,none,False,False,none
2026-09-09 02:00:00,AWS_BLR,21.0,21.0,912.0,912.0,94.0,94.0,0.03724763141013302,0.01862381570506651,Normal,Calibration drift: sustained deviation from local climatology,False,False,none
2026-09-09 02:00:00,AWS_NOIDA,26.8,26.8,981.9,981.9,80.0,80.0,0.04881398054350601,0.024406990271753005,Normal,Calibration drift: sustained deviation from local climatology,False,False,none
2026-09-09 02:00:00,AWS_KOCHI,26.4,26.4,1011.5,1011.5,91.0,91.0,0.04449790794837993,0.022248953974189967,Normal,Data spike: implausible instantaneous jump,False,False,none
2026-09-09 02:00:00,AWS_JAISALMER,26.8,26.8,979.8,979.8,68.0,68.0,0.035955480381033,0.0179777401905165,Normal,Data spike: implausible instantaneous jump,False,False,none
2026-09-09 02:00:00,AWS_SHIMLA,14.2,16.1,806.1,808.0,99.0,97.0,0.2757675344693423,0.30455043390133785,Low,Sensor fault: reading outside physically possible range,True,False,none
2026-09-09 02:00:00,AWS_DELHI,26.8,26.8,980.2,980.2,80.0,80.0,0.032677448530677965,0.016338724265338982,Normal,none,False,False,none
2026-09-09 02:00:00,AWS_GURGAON,26.6,26.6,979.3,979.3,73.0,73.0,0.027609023115579612,0.013804511557789806,Normal,none,False,False,none
2026-09-09 03:00:00,AWS_DELHI,26.6,26.6,980.3,980.3,80.0,80.0,0.029001056066575586,0.014500528033287793,Normal,none,False,False,none
2026-09-09 03:00:00,AWS_SHIMLA,13.7,16.0,805.6,807.95,98.0,97.0,0.25857840619243766,0.29595586976288546,Low,Sensor fault: reading outside physically possible range,True,False,none
2026-09-09 03:00:00,AWS_JAISALMER,25.9,25.9,979.7,979.7,74.0,74.0,0.03954242886099711,0.019771214430498556,Normal,Data spike: implausible instantaneous jump,False,False,none
2026-09-09 03:00:00,AWS_BLR,21.0,21.0,911.9,911.9,94.0,94.0,0.01895979093958217,0.009479895469791085,Normal,Calibration drift: sustained deviation from local climatology,False,False,none
2026-09-09 03:00:00,AWS_NOIDA,25.9,25.9,982.0,982.0,80.0,80.0,0.06185084073839267,0.030925420369196335,Normal,Calibration drift: sustained deviation from local climatology,False,False,none
2026-09-09 03:00:00,AWS_KOCHI,26.3,26.3,1010.9,1010.9,87.0,87.0,0.04001139917236094,0.02000569958618047,Normal,Data spike: implausible instantaneous jump,False,False,none
2026-09-09 03:00:00,AWS_GURGAON,26.7,26.7,979.5,979.5,72.0,72.0,0.026282097226707213,0.013141048613353606,Normal,none,False,False,none
2026-09-09 04:00:00,AWS_GURGAON,26.8,26.8,979.9,979.9,72.0,72.0,0.03202071582376799,0.016010357911883995,Normal,none,False,False,none
2026-09-09 04:00:00,AWS_JAISALMER,25.3,25.3,979.9,979.9,79.0,79.0,0.03366624917062238,0.01683312458531119,Normal,Calibration drift: sustained deviation from local climatology,False,False,none
2026-09-09 04:00:00,AWS_DELHI,26.4,26.4,980.7,980.7,76.0,76.0,0.05026566579791254,0.02513283289895627,Normal,Data spike: implausible instantaneous jump,False,False,none
2026-09-09 04:00:00,AWS_BLR,20.6,20.6,911.7,911.7,97.0,97.0,0.029997758049823103,0.014998879024911552,Normal,Calibration drift: sustained deviation from local climatology,False,False,none
2026-09-09 04:00:00,AWS_NOIDA,25.8,25.8,982.3,982.3,79.0,79.0,0.046197234046927146,0.023098617023463573,Normal,Calibration drift: sustained deviation from local climatology,False,False,none
2026-09-09 04:00:00,AWS_KOCHI,26.1,26.1,1010.9,1010.9,88.0,88.0,0.004688580208583019,0.0023442901042915096,Normal,none,False,False,none
2026-09-09 04:00:00,AWS_SHIMLA,13.6,15.9,805.7,807.9,97.0,97.0,0.24854579408245323,0.29093956370789326,Low,Sensor fault: reading outside physically possible range,True,False,none
